,Country,Region,Year,AvgCelsiusTemp,State,CO2,F-Gas,N2O,iso
0,Argentina,South/Central America & Carribean,1995,16.500712328767126,Not EU,113.81,1.22,36.72,ARG
1,Argentina,South/Central America & Carribean,1996,17.061120218579234,Not EU,126.56,1.67,37.02,ARG
2,Argentina,South/Central America & Carribean,1997,17.302136986301374,Not EU,127.32,2.11,37.41,ARG
3,Argentina,South/Central America & Carribean,1998,16.534055555555543,Not EU,133.17,2.53,37.04,ARG
4,Argentina,South/Central America & Carribean,1999,16.5754120879121,Not EU,134.19,2.95,37.32,ARG
5,Argentina,South/Central America & Carribean,2000,16.88676712328768,Not EU,131.91,3.36,39.45,ARG
6,Argentina,South/Central America & Carribean,2001,17.410769230769223,Not EU,124.87,3.71,39.31,ARG
7,Argentina,South/Central America & Carribean,2002,17.226000000000013,Not EU,117.47,4.05,39.89,ARG
8,Argentina,South/Central America & Carribean,2003,16.624435261708,Not EU,128.36,4.4,43.79,ARG
9,Argentina,South/Central America & Carribean,2004,17.01420765027321,Not EU,141.85,4.74,43.98,ARG
10,Argentina,South/Central America & Carribean,2005,16.839780821917813,Not EU,146.32,5.09,43.54,ARG
11,Argentina,South/Central America & Carribean,2006,17.0488493150685,Not EU,155.37,7.06,44.93,ARG
12,Argentina,South/Central America & Carribean,2007,16.289697802197804,Not EU,163.63,9.04,47.34,ARG
13,Argentina,South/Central America & Carribean,2008,17.420027472527476,Not EU,168.15,11.01,45.97,ARG
14,Argentina,South/Central America & Carribean,2009,17.23052197802197,Not EU,157.44,12.99,40.51,ARG
15,Argentina,South/Central America & Carribean,2010,17.225863013698625,Not EU,168.14,14.97,41.65,ARG
16,Argentina,South/Central America & Carribean,2011,17.352821917808217,Not EU,177.26,15.76,42.64,ARG
17,Argentina,South/Central America & Carribean,2012,17.624945355191247,Not EU,178.53,16.56,42.12,ARG
18,Argentina,South/Central America & Carribean,2013,17.15624657534248,Not EU,184.0,17.36,43.47,ARG
19,Argentina,South/Central America & Carribean,2014,17.56306849315068,Not EU,179.91,18.16,43.85,ARG
20,Argentina,South/Central America & Carribean,2015,17.680796703296696,Not EU,186.09,18.95,43.43,ARG
21,Argentina,South/Central America & Carribean,2016,16.77462809917357,Not EU,184.28,20.12,46.38,ARG
22,Argentina,South/Central America & Carribean,2017,17.85438356164385,Not EU,180.12,21.29,48.34,ARG
23,Argentina,South/Central America & Carribean,2018,17.48597222222221,Not EU,177.41,22.46,47.93,ARG
24,Australia,Australia/South Pacific,1995,16.389906849315064,Not EU,289.01,2.84,75.72,AUS
25,Australia,Australia/South Pacific,1996,16.253315098468278,Not EU,299.59,2.83,69.98,AUS
26,Australia,Australia/South Pacific,1997,16.751084931506874,Not EU,306.77,2.74,69.01,AUS
27,Australia,Australia/South Pacific,1998,16.778259818731115,Not EU,327.66,3.26,73.52,AUS
28,Australia,Australia/South Pacific,1999,16.92907142857143,Not EU,333.04,2.9,90.54,AUS
29,Australia,Australia/South Pacific,2000,16.80577049180328,Not EU,338.81,3.11,98.66,AUS
30,Australia,Australia/South Pacific,2001,16.793923076923054,Not EU,344.96,4.32,109.13,AUS
31,Australia,Australia/South Pacific,2002,17.050166666666673,Not EU,352.89,4.88,102.14,AUS
32,Australia,Australia/South Pacific,2003,16.879260893546604,Not EU,351.99,5.49,62.12,AUS
33,Australia,Australia/South Pacific,2004,16.954726775956313,Not EU,365.27,6.21,85.89,AUS
34,Australia,Australia/South Pacific,2005,17.062789041095904,Not EU,369.51,6.99,63.08,AUS
35,Australia,Australia/South Pacific,2006,17.041665753424653,Not EU,375.06,6.25,82.53,AUS
36,Australia,Australia/South Pacific,2007,17.36936813186813,Not EU,385.37,7.16,77.64,AUS
37,Australia,Australia/South Pacific,2008,16.74263070996145,Not EU,388.5,8.13,62.1,AUS
38,Australia,Australia/South Pacific,2009,17.446302197802193,Not EU,394.95,8.91,65.75,AUS
39,Australia,Australia/South Pacific,2010,17.06341917808216,Not EU,387.35,9.9,54.65,AUS
40,Australia,Australia/South Pacific,2011,16.966032876712326,Not EU,385.77,10.75,107.8,AUS
41,Australia,Australia/South Pacific,2012,16.80867213114752,Not EU,385.77,11.34,107.09,AUS
42,Australia,Australia/South Pacific,2013,17.43479692645447,Not EU,379.27,11.94,63.53,AUS
43,Australia,Australia/South Pacific,2014,17.491087912087888,Not EU,369.88,12.63,75.8,AUS
44,Australia,Australia/South Pacific,2015,17.257587912087892,Not EU,375.97,13.22,71.96,AUS
45,Australia,Australia/South Pacific,2016,17.448868653421652,Not EU,383.96,13.76,57.39,AUS
46,Australia,Australia/South Pacific,2017,17.475279605263193,Not EU,387.2,13.34,79.44,AUS
47,Australia,Australia/South Pacific,2018,17.368986149584458,Not EU,386.62,12.92,76.76,AUS
48,Austria,Europe,1995,10.139342465753428,EU,61.18,1.28,4.59,AUT
49,Austria,Europe,1996,8.709398907103827,EU,64.9,1.4,4.69,AUT
50,Austria,Europe,1997,9.823917808219178,EU,64.22,1.43,4.64,AUT
51,Austria,Europe,1998,10.743296398891966,EU,64.67,1.24,4.63,AUT
52,Austria,Europe,1999,10.530549450549454,EU,63.05,1.18,4.63,AUT
53,Austria,Europe,2000,11.532841530054634,EU,63.53,1.18,4.59,AUT
54,Austria,Europe,2001,10.457013698630146,EU,67.91,1.38,4.46,AUT
55,Austria,Europe,2002,11.0385595567867,EU,69.37,1.45,4.35,AUT
56,Austria,Europe,2003,10.830630136986294,EU,74.46,1.6,4.34,AUT
57,Austria,Europe,2004,10.334808743169395,EU,75.8,1.73,3.79,AUT
58,Austria,Europe,2005,10.167890410958908,EU,76.24,1.52,3.8,AUT
59,Austria,Europe,2006,10.686328767123284,EU,74.1,1.55,3.77,AUT
60,Austria,Europe,2007,11.671923076923084,EU,71.24,1.61,3.66,AUT
61,Austria,Europe,2008,11.439835616438366,EU,70.73,1.64,3.79,AUT
62,Austria,Europe,2009,10.98535714285714,EU,64.42,1.45,3.53,AUT
63,Austria,Europe,2010,9.583780821917808,EU,69.96,1.66,3.52,AUT
64,Austria,Europe,2011,10.711041095890414,EU,68.27,1.56,3.55,AUT
65,Austria,Europe,2012,11.061994535519124,EU,65.11,1.62,3.59,AUT
66,Austria,Europe,2013,10.792328767123292,EU,65.75,1.64,3.62,AUT
67,Austria,Europe,2014,11.86288461538461,EU,61.99,1.73,3.67,AUT
68,Austria,Europe,2015,11.929395604395603,EU,63.15,1.76,3.68,AUT
69,Austria,Europe,2016,11.171432506887058,EU,63.39,1.77,3.7,AUT
70,Austria,Europe,2017,11.30619178082192,EU,65.83,1.64,3.63,AUT
71,Austria,Europe,2018,12.104696132596676,EU,63.18,1.51,3.62,AUT
72,Belgium,Europe,1995,10.944876712328766,EU,114.57,0.53,8.9,BEL
73,Belgium,Europe,1996,8.995765027322404,EU,119.45,0.63,9.41,BEL
74,Belgium,Europe,1997,10.629041095890408,EU,116.64,0.75,9.1,BEL
75,Belgium,Europe,1998,10.721301939058163,EU,119.41,0.91,9.19,BEL
76,Belgium,Europe,1999,11.18118131868132,EU,115.51,0.97,9.12,BEL
77,Belgium,Europe,2000,11.286420765027326,EU,117.28,1.16,7.76,BEL
78,Belgium,Europe,2001,10.881917808219178,EU,118.34,1.25,7.5,BEL
79,Belgium,Europe,2002,11.296232686980616,EU,110.85,1.48,8.01,BEL
80,Belgium,Europe,2003,11.290739726027397,EU,115.5,1.65,7.24,BEL
81,Belgium,Europe,2004,10.905136612021856,EU,114.02,1.74,7.33,BEL
82,Belgium,Europe,2005,11.189068493150684,EU,110.61,1.8,7.09,BEL
83,Belgium,Europe,2006,11.142136986301368,EU,108.65,1.92,6.09,BEL
84,Belgium,Europe,2007,11.191538461538464,EU,104.59,2.14,5.49,BEL
85,Belgium,Europe,2008,10.594289617486334,EU,106.93,2.27,5.54,BEL
86,Belgium,Europe,2009,10.700494505494516,EU,99.67,2.46,5.63,BEL
87,Belgium,Europe,2010,9.353013698630136,EU,106.47,2.59,6.13,BEL
88,Belgium,Europe,2011,11.375369863013692,EU,95.57,2.73,4.88,BEL
89,Belgium,Europe,2012,10.420928961748633,EU,94.96,2.86,4.93,BEL
90,Belgium,Europe,2013,9.919808219178083,EU,96.61,2.86,4.77,BEL
91,Belgium,Europe,2014,11.73678571428571,EU,90.16,3.01,4.74,BEL
92,Belgium,Europe,2015,11.070302197802196,EU,95.2,2.99,4.79,BEL
93,Belgium,Europe,2016,10.867348066298344,EU,94.32,3.09,4.49,BEL
94,Belgium,Europe,2017,11.184876712328764,EU,92.77,2.86,4.44,BEL
95,Belgium,Europe,2018,11.698421052631586,EU,93.47,2.62,4.46,BEL
96,Brazil,South/Central America & Carribean,1995,22.12045662100457,Not EU,241.5,4.71,119.98,BRA
97,Brazil,South/Central America & Carribean,1996,21.85847905282328,Not EU,262.9,4.15,113.5,BRA
98,Brazil,South/Central America & Carribean,1997,21.9748688046647,Not EU,281.51,3.83,116.69,BRA
99,Brazil,South/Central America & Carribean,1998,22.613027806385144,Not EU,290.76,3.25,123.9,BRA
100,Brazil,South/Central America & Carribean,1999,21.880193370165745,Not EU,300.62,4.3,124.22,BRA
101,Brazil,South/Central America & Carribean,2000,22.31708675799084,Not EU,312.67,3.04,124.41,BRA
102,Brazil,South/Central America & Carribean,2001,22.68464285714285,Not EU,319.56,3.14,130.21,BRA
103,Brazil,South/Central America & Carribean,2002,22.79597209302327,Not EU,317.28,3.71,140.6,BRA
104,Brazil,South/Central America & Carribean,2003,22.132176308539915,Not EU,309.35,4.13,146.21,BRA
105,Brazil,South/Central America & Carribean,2004,21.942003642987277,Not EU,326.76,4.44,156.77,BRA
106,Brazil,South/Central America & Carribean,2005,21.928091324200917,Not EU,330.51,4.85,156.25,BRA
107,Brazil,South/Central America & Carribean,2006,21.63921461187217,Not EU,333.98,5.62,154.46,BRA
108,Brazil,South/Central America & Carribean,2007,21.80777472527472,Not EU,351.52,6.41,160.01,BRA
109,Brazil,South/Central America & Carribean,2008,21.31123048668505,Not EU,372.16,7.14,153.67,BRA
110,Brazil,South/Central America & Carribean,2009,21.92695054945056,Not EU,350.83,7.32,150.36,BRA
111,Brazil,South/Central America & Carribean,2010,22.444255707762554,Not EU,397.73,8.0,167.39,BRA
112,Brazil,South/Central America & Carribean,2011,21.74457534246577,Not EU,417.12,8.04,166.85,BRA
113,Brazil,South/Central America & Carribean,2012,22.31923497267759,Not EU,451.76,8.09,167.66,BRA
114,Brazil,South/Central America & Carribean,2013,22.26091324200913,Not EU,482.86,8.13,167.97,BRA
115,Brazil,South/Central America & Carribean,2014,22.9462534435262,Not EU,506.78,8.18,174.59,BRA
116,Brazil,South/Central America & Carribean,2015,22.615732600732613,Not EU,479.97,8.22,172.22,BRA
117,Brazil,South/Central America & Carribean,2016,22.36700736648251,Not EU,441.91,8.63,176.35,BRA
118,Brazil,South/Central America & Carribean,2017,22.30964383561647,Not EU,449.84,9.03,184.38,BRA
119,Brazil,South/Central America & Carribean,2018,22.02560592044405,Not EU,427.71,9.44,179.2,BRA
120,Bulgaria,Europe,1995,9.683150684931505,EU,54.69,0.01,4.38,BGR
121,Bulgaria,Europe,1997,9.322109589041094,EU,53.37,0.02,4.19,BGR
122,Bulgaria,Europe,1998,10.409584487534628,EU,50.59,0.02,3.6,BGR
123,Bulgaria,Europe,1999,10.561291208791202,EU,44.3,0.03,3.36,BGR
124,Bulgaria,Europe,2000,10.959918032786886,EU,43.33,0.05,3.76,BGR
125,Bulgaria,Europe,2001,10.402219178082197,EU,46.18,0.06,3.96,BGR
126,Bulgaria,Europe,2002,10.241218836565096,EU,43.63,0.07,4.38,BGR
127,Bulgaria,Europe,2003,10.09556164383562,EU,47.89,0.1,4.48,BGR
128,Bulgaria,Europe,2004,10.300109289617486,EU,47.18,0.13,4.37,BGR
129,Bulgaria,Europe,2005,9.522054794520548,EU,47.88,0.21,3.99,BGR
130,Bulgaria,Europe,2006,10.232328767123294,EU,48.97,0.31,3.26,BGR
131,Bulgaria,Europe,2007,11.96868131868132,EU,52.62,0.4,3.62,BGR
132,Bulgaria,Europe,2008,11.88635616438355,EU,50.03,0.64,3.8,BGR
133,Bulgaria,Europe,2009,11.47516483516485,EU,42.97,0.66,3.79,BGR
134,Bulgaria,Europe,2010,11.58936986301369,EU,44.85,0.69,3.71,BGR
135,Bulgaria,Europe,2011,10.808712328767122,EU,49.67,0.78,4.36,BGR
136,Bulgaria,Europe,2012,11.77953551912569,EU,45.12,0.85,3.43,BGR
137,Bulgaria,Europe,2013,11.935945205479454,EU,39.82,1.0,3.76,BGR
138,Bulgaria,Europe,2014,11.742307692307708,EU,42.23,1.13,3.83,BGR
139,Bulgaria,Europe,2015,11.872087912087906,EU,44.69,1.25,4.0,BGR
140,Bulgaria,Europe,2016,11.873756906077354,EU,41.74,1.43,4.01,BGR
141,Bulgaria,Europe,2017,11.474410958904116,EU,44.04,1.33,4.05,BGR
142,Bulgaria,Europe,2018,11.690387811634356,EU,41.13,1.24,4.05,BGR
143,Canada,North America,1995,5.556791780821919,Not EU,449.5,9.02,45.95,CAN
144,Canada,North America,1996,4.541683060109284,Not EU,463.16,9.02,48.58,CAN
145,Canada,North America,1997,5.552515068493158,Not EU,478.53,9.27,46.6,CAN
146,Canada,North America,1998,7.367759002770096,Not EU,486.76,10.4,43.64,CAN
147,Canada,North America,1999,6.9934038461538695,Not EU,495.14,9.89,40.81,CAN
148,Canada,North America,2000,5.640980016424861,Not EU,515.0,10.6,39.25,CAN
149,Canada,North America,2001,6.809939726027389,Not EU,506.94,9.72,38.91,CAN
150,Canada,North America,2002,5.764725761772845,Not EU,525.47,10.01,40.16,CAN
151,Canada,North America,2003,5.722003288572199,Not EU,545.36,10.05,40.79,CAN
152,Canada,North America,2004,5.666415300546442,Not EU,537.25,10.41,42.47,CAN
153,Canada,North America,2005,6.633837209302316,Not EU,549.97,10.33,43.25,CAN
154,Canada,North America,2006,7.1047616438356025,Not EU,541.07,9.86,38.62,CAN
155,Canada,North America,2007,6.0279631665750255,Not EU,571.31,9.28,42.43,CAN
156,Canada,North America,2008,5.6956845320744405,Not EU,550.2,9.32,42.33,CAN
157,Canada,North America,2009,5.432203902170927,Not EU,520.8,9.67,38.8,CAN
158,Canada,North America,2010,6.886675191815871,Not EU,535.03,9.99,38.97,CAN
159,Canada,North America,2011,6.273478791577661,Not EU,547.72,10.59,41.33,CAN
160,Canada,North America,2012,6.8978347057029525,Not EU,547.14,11.28,43.25,CAN
161,Canada,North America,2013,5.552112633181136,Not EU,556.35,11.47,42.6,CAN
162,Canada,North America,2014,2.1622590068159675,Not EU,561.83,11.52,41.84,CAN
163,Canada,North America,2015,3.619779951100245,Not EU,558.8,12.42,41.86,CAN
164,Canada,North America,2016,5.155532503457816,Not EU,550.48,13.23,40.99,CAN
165,Canada,North America,2017,4.420686813186812,Not EU,562.26,13.33,41.4,CAN
166,Canada,North America,2018,3.718902777777776,Not EU,574.4,13.42,43.12,CAN
167,China,Asia,1995,15.429145205479449,Not EU,3084.87,12.57,370.95,CHN
168,China,Asia,1996,15.04937704918032,Not EU,3064.88,17.59,396.54,CHN
169,China,Asia,1997,15.864307948860466,Not EU,3128.65,22.61,368.67,CHN
170,China,Asia,1998,16.555848115299344,Not EU,3232.12,27.62,377.47,CHN
171,China,Asia,1999,15.972549450549424,Not EU,3149.2,32.64,393.76,CHN
172,China,Asia,2000,15.64732640787316,Not EU,3344.09,37.66,386.08,CHN
173,China,Asia,2001,15.726169863013691,Not EU,3526.75,52.05,388.46,CHN
174,China,Asia,2002,15.951219512195092,Not EU,3808.33,66.44,406.21,CHN
175,China,Asia,2003,15.91761382336808,Not EU,4413.3,80.82,407.63,CHN
176,China,Asia,2004,16.07320765027321,Not EU,5121.83,95.21,420.33,CHN
177,China,Asia,2005,15.678142465753414,Not EU,5819.12,109.6,428.09,CHN
178,China,Asia,2006,16.208657534246576,Not EU,6431.91,124.21,439.85,CHN
179,China,Asia,2007,16.50996147495869,Not EU,6988.21,138.82,448.44,CHN
180,China,Asia,2008,15.730983516483528,Not EU,7195.01,153.43,464.1,CHN
181,China,Asia,2009,15.869070918086832,Not EU,7715.11,168.04,475.6,CHN
182,China,Asia,2010,15.370739726027413,Not EU,8470.57,182.65,486.77,CHN
183,China,Asia,2011,15.51826849315069,Not EU,9278.25,197.1,493.0,CHN
184,China,Asia,2012,15.324311475409852,Not EU,9533.21,211.54,503.97,CHN
185,China,Asia,2013,15.979484931506862,Not EU,9936.68,223.84,515.99,CHN
186,China,Asia,2014,16.347526113249035,Not EU,9894.94,236.14,528.02,CHN
187,China,Asia,2015,16.49382417582417,Not EU,9830.43,248.43,542.9,CHN
188,China,Asia,2016,16.440281923714743,Not EU,9814.31,253.74,546.99,CHN
189,China,Asia,2017,16.676158904109613,Not EU,10017.77,259.05,542.1,CHN
190,China,Asia,2018,16.517807991121018,Not EU,10313.46,264.36,538.79,CHN
191,Croatia,Europe,1996,11.210510510510511,EU,0.0,0.0,0.0,HRV
192,Croatia,Europe,1997,11.011888888888889,EU,0.0,0.0,0.0,HRV
193,Croatia,Europe,1998,11.305589887640451,EU,0.0,0.0,0.0,HRV
194,Croatia,Europe,1999,12.032011019283742,EU,0.0,0.0,0.0,HRV
195,Croatia,Europe,2000,13.252362637362657,EU,0.0,0.0,0.0,HRV
196,Croatia,Europe,2001,12.31210958904111,EU,0.0,0.0,0.0,HRV
197,Croatia,Europe,2002,12.641611111111123,EU,0.0,0.0,0.0,HRV
198,Croatia,Europe,2003,12.47734246575343,EU,0.0,0.0,0.0,HRV
199,Croatia,Europe,2004,11.69284153005464,EU,0.0,0.0,0.0,HRV
200,Croatia,Europe,2005,11.243369863013696,EU,0.0,0.0,0.0,HRV
201,Croatia,Europe,2006,12.345068493150688,EU,0.0,0.0,0.0,HRV
202,Croatia,Europe,2007,13.212829131652663,EU,0.0,0.0,0.0,HRV
203,Croatia,Europe,2008,12.900631868131883,EU,0.0,0.0,0.0,HRV
204,Croatia,Europe,2009,12.914752747252743,EU,0.0,0.0,0.0,HRV
205,Croatia,Europe,2010,11.787041095890409,EU,0.0,0.0,0.0,HRV
206,Croatia,Europe,2011,12.62632876712328,EU,0.0,0.0,0.0,HRV
207,Croatia,Europe,2012,13.090765027322403,EU,0.0,0.0,0.0,HRV
208,Croatia,Europe,2013,12.427616438356166,EU,0.0,0.0,0.0,HRV
209,Croatia,Europe,2014,13.456181318681317,EU,0.0,0.0,0.0,HRV
210,Croatia,Europe,2015,13.16945054945055,EU,0.0,0.0,0.0,HRV
211,Croatia,Europe,2016,12.684626038781158,EU,0.0,0.0,0.0,HRV
212,Croatia,Europe,2017,13.095643835616425,EU,0.0,0.0,0.0,HRV
213,Croatia,Europe,2018,13.6073537604457,EU,0.0,0.0,0.0,HRV
214,Cyprus,Europe,1995,18.329962121212127,EU,5.8,0.0,0.37,CYP
215,Cyprus,Europe,1996,20.94193979933109,EU,6.16,0.0,0.39,CYP
216,Cyprus,Europe,1997,17.458043478260862,EU,6.25,0.01,0.37,CYP
217,Cyprus,Europe,1998,21.842703703703695,EU,6.55,0.01,0.38,CYP
218,Cyprus,Europe,1999,18.776776315789466,EU,6.81,0.02,0.38,CYP
219,Cyprus,Europe,2000,22.670143884892077,EU,7.07,0.03,0.37,CYP
220,Cyprus,Europe,2001,19.98306849315069,EU,6.93,0.04,0.39,CYP
221,Cyprus,Europe,2002,19.669534050179216,EU,7.11,0.05,0.41,CYP
222,Cyprus,Europe,2003,14.512142857142855,EU,7.77,0.06,0.41,CYP
223,Cyprus,Europe,2004,22.751829787234065,EU,7.71,0.08,0.4,CYP
224,Cyprus,Europe,2005,19.1274794520548,EU,7.87,0.09,0.37,CYP
225,Cyprus,Europe,2006,19.07134246575343,EU,7.94,0.13,0.38,CYP
226,Cyprus,Europe,2007,19.5454189944134,EU,8.24,0.15,0.38,CYP
227,Cyprus,Europe,2008,20.031095890410963,EU,8.4,0.18,0.37,CYP
228,Cyprus,Europe,2009,20.57082031249999,EU,8.18,0.2,0.39,CYP
229,Cyprus,Europe,2010,32.28,EU,7.82,0.23,0.4,CYP
230,Czech Republic,Europe,1995,8.20375342465754,EU,0.0,0.0,0.0,CZE
231,Czech Republic,Europe,1996,6.39133879781421,EU,0.0,0.0,0.0,CZE
232,Czech Republic,Europe,1997,7.90915068493151,EU,0.0,0.0,0.0,CZE
233,Czech Republic,Europe,1998,8.76653739612188,EU,0.0,0.0,0.0,CZE
234,Czech Republic,Europe,1999,8.850631868131869,EU,0.0,0.0,0.0,CZE
235,Czech Republic,Europe,2000,9.490027322404371,EU,0.0,0.0,0.0,CZE
236,Czech Republic,Europe,2001,8.31698630136987,EU,0.0,0.0,0.0,CZE
237,Czech Republic,Europe,2002,9.022216066481992,EU,0.0,0.0,0.0,CZE
238,Czech Republic,Europe,2003,8.951232876712329,EU,0.0,0.0,0.0,CZE
239,Czech Republic,Europe,2004,8.538825136612019,EU,0.0,0.0,0.0,CZE
240,Czech Republic,Europe,2005,8.530082191780822,EU,0.0,0.0,0.0,CZE
241,Czech Republic,Europe,2006,9.07515068493151,EU,0.0,0.0,0.0,CZE
242,Czech Republic,Europe,2007,9.894148351648353,EU,0.0,0.0,0.0,CZE
243,Czech Republic,Europe,2008,9.36956043956044,EU,0.0,0.0,0.0,CZE
244,Czech Republic,Europe,2009,9.141208791208792,EU,0.0,0.0,0.0,CZE
245,Czech Republic,Europe,2010,7.770054794520546,EU,0.0,0.0,0.0,CZE
246,Czech Republic,Europe,2011,9.258849315068494,EU,0.0,0.0,0.0,CZE
247,Czech Republic,Europe,2012,9.067923497267762,EU,0.0,0.0,0.0,CZE
248,Czech Republic,Europe,2013,8.32999999999999,EU,0.0,0.0,0.0,CZE
249,Czech Republic,Europe,2014,9.958873626373627,EU,0.0,0.0,0.0,CZE
250,Czech Republic,Europe,2015,10.201730769230762,EU,0.0,0.0,0.0,CZE
251,Czech Republic,Europe,2016,9.476215469613257,EU,0.0,0.0,0.0,CZE
252,Czech Republic,Europe,2017,9.31358904109589,EU,0.0,0.0,0.0,CZE
253,Czech Republic,Europe,2018,10.559667590027704,EU,0.0,0.0,0.0,CZE
254,Denmark,Europe,1995,7.911671232876712,EU,59.92,0.28,6.54,DNK
255,Denmark,Europe,1996,6.3629508196721325,EU,73.3,0.39,6.48,DNK
256,Denmark,Europe,1997,8.377260273972604,EU,63.72,0.4,6.49,DNK
257,Denmark,Europe,1998,8.152576177285319,EU,59.74,0.5,6.32,DNK
258,Denmark,Europe,1999,8.709285714285711,EU,56.96,0.62,6.37,DNK
259,Denmark,Europe,2000,9.063770491803288,EU,52.71,0.74,6.37,DNK
260,Denmark,Europe,2001,8.153534246575337,EU,53.85,0.78,6.19,DNK
261,Denmark,Europe,2002,8.874210526315787,EU,53.98,0.82,6.01,DNK
262,Denmark,Europe,2003,8.39534246575343,EU,59.34,0.86,6.13,DNK
263,Denmark,Europe,2004,8.37062841530055,EU,53.89,0.93,5.42,DNK
264,Denmark,Europe,2005,8.397780821917808,EU,50.27,0.99,5.31,DNK
265,Denmark,Europe,2006,9.014986301369865,EU,58.21,1.01,5.23,DNK
266,Denmark,Europe,2007,9.218379120879124,EU,53.4,1.04,5.2,DNK
267,Denmark,Europe,2008,9.11617486338798,EU,50.12,1.05,5.22,DNK
268,Denmark,Europe,2009,8.61870879120879,EU,47.89,1.0,4.92,DNK
269,Denmark,Europe,2010,6.881369863013701,EU,48.18,1.0,4.84,DNK
270,Denmark,Europe,2011,8.745808219178079,EU,43.09,0.94,4.81,DNK
271,Denmark,Europe,2012,8.219562841530054,EU,38.21,0.87,4.85,DNK
272,Denmark,Europe,2013,8.278493150684938,EU,39.98,0.85,4.76,DNK
273,Denmark,Europe,2014,9.934368131868128,EU,35.76,0.78,4.94,DNK
274,Denmark,Europe,2015,9.097060439560442,EU,33.6,0.72,5.1,DNK
275,Denmark,Europe,2016,8.93773480662983,EU,35.38,0.71,5.08,DNK
276,Denmark,Europe,2017,8.863589041095889,EU,33.33,0.66,5.08,DNK
277,Denmark,Europe,2018,9.700055401662045,EU,33.38,0.61,4.74,DNK
278,Finland,Europe,1995,5.689972602739733,EU,56.09,0.17,5.96,FIN
279,Finland,Europe,1996,4.470300546448087,EU,62.57,0.25,5.97,FIN
280,Finland,Europe,1997,5.597315068493152,EU,60.62,0.35,6.0,FIN
281,Finland,Europe,1998,5.139279778393352,EU,57.27,0.45,5.84,FIN
282,Finland,Europe,1999,6.2658791208791165,EU,56.51,0.55,5.84,FIN
283,Finland,Europe,2000,6.964644808743173,EU,55.1,0.71,5.88,FIN
284,Finland,Europe,2001,5.562109589041097,EU,61.09,0.77,5.8,FIN
285,Finland,Europe,2002,5.739252077562322,EU,63.44,0.85,5.98,FIN
286,Finland,Europe,2003,5.216136986301368,EU,71.71,0.92,5.98,FIN
287,Finland,Europe,2004,5.394672131147539,EU,67.68,1.01,6.12,FIN
288,Finland,Europe,2005,5.935315068493152,EU,55.46,1.1,6.33,FIN
289,Finland,Europe,2006,6.216575342465752,EU,67.02,1.17,5.98,FIN
290,Finland,Europe,2007,6.432390109890111,EU,65.1,1.23,6.17,FIN
291,Finland,Europe,2008,7.01289617486339,EU,56.66,1.35,6.49,FIN
292,Finland,Europe,2009,5.580796703296704,EU,54.18,1.39,5.37,FIN
293,Finland,Europe,2010,4.505780821917807,EU,62.53,1.41,5.03,FIN
294,Finland,Europe,2011,6.784328767123293,EU,55.12,1.42,4.57,FIN
295,Finland,Europe,2012,5.28180327868852,EU,49.41,1.46,4.58,FIN
296,Finland,Europe,2013,6.466493150684934,EU,50.19,1.47,4.65,FIN
297,Finland,Europe,2014,6.72442307692307,EU,46.16,1.47,4.7,FIN
298,Finland,Europe,2015,7.1780769230769215,EU,42.82,1.45,4.68,FIN
299,Finland,Europe,2016,6.05765193370166,EU,45.71,1.43,4.65,FIN
300,Finland,Europe,2017,6.009506849315066,EU,43.01,1.33,4.65,FIN
301,Finland,Europe,2018,6.674238227146816,EU,44.36,1.23,4.67,FIN
302,France,Europe,1995,13.559752066115708,EU,352.28,5.9,61.81,FRA
303,France,Europe,1996,12.401942544459631,EU,367.96,7.18,64.46,FRA
304,France,Europe,1997,13.819301369863034,EU,359.14,8.12,64.02,FRA
305,France,Europe,1998,13.040879888268147,EU,381.18,9.08,57.05,FRA
306,France,Europe,1999,13.387390109890118,EU,375.0,10.7,51.49,FRA
307,France,Europe,2000,13.202322404371566,EU,373.24,10.72,49.25,FRA
308,France,Europe,2001,12.89569863013699,EU,376.86,11.24,50.15,FRA
309,France,Europe,2002,13.201980609418271,EU,371.17,13.81,47.83,FRA
310,France,Europe,2003,13.550479452054788,EU,376.84,14.58,47.75,FRA
311,France,Europe,2004,12.740000000000018,EU,377.95,15.01,45.28,FRA
312,France,Europe,2005,12.813401920438954,EU,380.82,15.31,43.99,FRA
313,France,Europe,2006,13.280602739726037,EU,371.6,16.07,43.15,FRA
314,France,Europe,2007,12.84924450549451,EU,362.91,16.78,44.03,FRA
315,France,Europe,2008,12.527325102880653,EU,358.21,17.3,42.1,FRA
316,France,Europe,2009,12.909546703296698,EU,343.88,17.16,39.66,FRA
317,France,Europe,2010,11.888506849315077,EU,347.94,18.23,38.62,FRA
318,France,Europe,2011,13.709260273972603,EU,333.53,19.32,36.66,FRA
319,France,Europe,2012,12.670901639344278,EU,336.33,19.64,37.24,FRA
320,France,Europe,2013,12.34379972565156,EU,336.63,19.59,38.31,FRA
321,France,Europe,2014,13.045892857142842,EU,304.53,19.45,38.3,FRA
322,France,Europe,2015,13.154574175824182,EU,310.52,19.66,38.91,FRA
323,France,Europe,2016,12.779296551724135,EU,312.71,19.83,37.55,FRA
324,France,Europe,2017,13.11813698630135,EU,316.36,18.42,38.47,FRA
325,France,Europe,2018,13.3218617771509,EU,309.96,17.01,38.03,FRA
326,Germany,Europe,1995,10.4020989010989,EU,873.09,7.82,62.92,DEU
327,Germany,Europe,1996,8.449676616915418,EU,902.75,8.26,64.01,DEU
328,Germany,Europe,1997,9.540566750629726,EU,870.9,8.31,61.41,DEU
329,Germany,Europe,1998,10.270863309352505,EU,863.14,8.85,48.49,DEU
330,Germany,Europe,1999,10.556302616609775,EU,833.35,8.37,44.96,DEU
331,Germany,Europe,2000,11.165399768250287,EU,830.08,8.4,43.24,DEU
332,Germany,Europe,2001,9.75784577723377,EU,847.5,9.77,44.94,DEU
333,Germany,Europe,2002,10.677068126520682,EU,833.18,10.41,44.47,DEU
334,Germany,Europe,2003,9.22574666666666,EU,836.55,10.62,44.22,DEU
335,Germany,Europe,2004,10.291315136476433,EU,820.83,11.18,45.57,DEU
336,Germany,Europe,2005,10.113260073260063,EU,802.17,11.27,43.62,DEU
337,Germany,Europe,2006,9.539375886524814,EU,814.16,11.33,41.99,DEU
338,Germany,Europe,2007,10.509578606158838,EU,783.6,11.4,45.81,DEU
339,Germany,Europe,2008,10.437056074766351,EU,789.55,11.08,43.66,DEU
340,Germany,Europe,2009,10.141159196290571,EU,734.66,11.19,43.88,DEU
341,Germany,Europe,2010,8.77297529538131,EU,772.92,11.47,36.99,DEU
342,Germany,Europe,2011,10.469533333333324,EU,746.38,11.82,35.65,DEU
343,Germany,Europe,2012,9.206393442622952,EU,760.02,11.89,35.54,DEU
344,Germany,Europe,2013,8.620986301369857,EU,777.63,11.87,36.12,DEU
345,Germany,Europe,2014,10.062747252747243,EU,737.49,11.99,37.02,DEU
346,Germany,Europe,2015,9.955302197802192,EU,742.31,12.1,36.24,DEU
347,Germany,Europe,2016,9.503259668508289,EU,747.15,11.9,35.6,DEU
348,Germany,Europe,2017,9.329643835616446,EU,732.2,11.09,34.58,DEU
349,Germany,Europe,2018,10.811623188405791,EU,709.54,10.28,32.9,DEU
350,Greece,Europe,1995,18.304027397260263,EU,82.84,4.22,6.82,GRC
351,Greece,Europe,1996,18.078661202185803,EU,82.76,4.88,7.12,GRC
352,Greece,Europe,1997,17.742082191780813,EU,83.76,5.29,6.85,GRC
353,Greece,Europe,1998,18.612348066298352,EU,87.13,5.92,6.7,GRC
354,Greece,Europe,1999,19.287115384615387,EU,87.4,6.82,6.72,GRC
355,Greece,Europe,2000,18.77877049180329,EU,94.46,5.37,6.64,GRC
356,Greece,Europe,2001,18.966739726027395,EU,96.61,4.85,6.39,GRC
357,Greece,Europe,2002,18.441717451523537,EU,96.6,5.16,6.45,GRC
358,Greece,Europe,2003,18.288246575342445,EU,100.22,4.8,6.49,GRC
359,Greece,Europe,2004,18.14147540983606,EU,99.85,4.99,6.09,GRC
360,Greece,Europe,2005,17.929753424657527,EU,101.95,5.14,5.95,GRC
361,Greece,Europe,2006,17.872975206611567,EU,100.7,4.96,5.67,GRC
362,Greece,Europe,2007,18.75900277008312,EU,104.31,4.95,5.47,GRC
363,Greece,Europe,2008,18.832939560439577,EU,100.41,4.88,5.66,GRC
364,Greece,Europe,2009,18.748787878787883,EU,94.74,4.56,5.07,GRC
365,Greece,Europe,2010,19.51599999999999,EU,87.58,4.46,5.42,GRC
366,Greece,Europe,2011,19.01210958904109,EU,84.55,4.74,5.95,GRC
367,Greece,Europe,2012,15.64528301886793,EU,80.09,5.16,4.99,GRC
368,Hungary,Europe,1995,10.151753424657532,EU,57.43,0.3,6.1,HUN
369,Hungary,Europe,1996,9.233005464480875,EU,58.46,0.3,7.14,HUN
370,Hungary,Europe,1997,10.214273972602731,EU,56.99,0.32,7.02,HUN
371,Hungary,Europe,1998,10.853314917127074,EU,57.35,0.43,6.63,HUN
372,Hungary,Europe,1999,10.360192307692303,EU,57.91,0.61,6.55,HUN
373,Hungary,Europe,2000,11.737295081967211,EU,54.63,0.57,6.9,HUN
374,Hungary,Europe,2001,10.799972602739734,EU,56.3,0.64,7.42,HUN
375,Hungary,Europe,2002,11.553407202216068,EU,55.63,0.72,6.3,HUN
376,Hungary,Europe,2003,10.96447802197802,EU,58.23,0.86,6.23,HUN
377,Hungary,Europe,2004,9.276065573770492,EU,56.39,1.04,7.17,HUN
378,Hungary,Europe,2005,9.084328767123283,EU,55.96,1.15,6.82,HUN
379,Hungary,Europe,2006,10.017479452054795,EU,55.46,1.24,6.59,HUN
380,Hungary,Europe,2007,11.8257967032967,EU,53.86,1.31,6.05,HUN
381,Hungary,Europe,2008,11.466821917808224,EU,53.03,1.4,5.52,HUN
382,Hungary,Europe,2009,11.388543956043964,EU,47.84,1.28,4.99,HUN
383,Hungary,Europe,2010,10.055397260273974,EU,47.88,1.39,4.86,HUN
384,Hungary,Europe,2011,10.853561643835617,EU,46.91,1.5,5.16,HUN
385,Hungary,Europe,2012,11.42306010928961,EU,43.43,1.36,5.04,HUN
386,Hungary,Europe,2013,11.276328767123289,EU,40.76,1.46,5.45,HUN
387,Hungary,Europe,2014,12.051098901098902,EU,40.63,2.22,5.27,HUN
388,Hungary,Europe,2015,12.00115384615384,EU,43.38,2.48,5.26,HUN
389,Hungary,Europe,2016,11.230441988950272,EU,44.48,1.86,5.42,HUN
390,Hungary,Europe,2017,11.233999999999996,EU,46.55,1.74,5.45,HUN
391,Hungary,Europe,2018,12.2429916897507,EU,46.39,1.62,5.79,HUN
392,India,Asia,1995,26.655099793530617,Not EU,741.1,3.36,161.44,IND
393,India,Asia,1996,26.578518518518525,Not EU,776.72,4.2,167.4,IND
394,India,Asia,1997,26.43839726027393,Not EU,821.48,5.04,173.75,IND
395,India,Asia,1998,26.97095766828584,Not EU,839.83,5.89,178.87,IND
396,India,Asia,1999,26.91021320495182,Not EU,904.09,6.73,182.97,IND
397,India,Asia,2000,26.78275154004104,Not EU,940.17,7.57,180.77,IND
398,India,Asia,2001,26.57448252227552,Not EU,953.88,7.75,185.0,IND
399,India,Asia,2002,27.04343511450381,Not EU,987.53,7.92,179.1,IND
400,India,Asia,2003,26.745921864290565,Not EU,1015.89,8.1,186.41,IND
401,India,Asia,2004,26.780218579234923,Not EU,1087.19,8.27,192.8,IND
402,India,Asia,2005,26.620753424657536,Not EU,1137.74,8.45,202.26,IND
403,India,Asia,2006,26.947479452054797,Not EU,1214.25,9.06,211.62,IND
404,India,Asia,2007,26.745279889426367,Not EU,1336.1,9.67,220.49,IND
405,India,Asia,2008,26.624471879286727,Not EU,1423.88,10.28,224.73,IND
406,India,Asia,2009,27.43197938144326,Not EU,1568.53,10.89,229.1,IND
407,India,Asia,2010,27.25117445054944,Not EU,1665.31,11.5,237.17,IND
408,India,Asia,2011,26.8166872852234,Not EU,1760.8,12.28,244.53,IND
409,India,Asia,2012,27.037404371584675,Not EU,1908.57,13.06,241.95,IND
410,India,Asia,2013,26.77740918437287,Not EU,1966.81,13.84,241.81,IND
411,India,Asia,2014,27.07754120879121,Not EU,2136.87,14.62,243.62,IND
412,India,Asia,2015,27.46631181318681,Not EU,2150.22,15.4,246.03,IND
413,India,Asia,2016,27.88644184445969,Not EU,2183.28,16.99,245.15,IND
414,India,Asia,2017,27.62768861454045,Not EU,2301.44,18.57,248.3,IND
415,India,Asia,2018,27.541936376210195,Not EU,2434.52,20.16,253.79,IND
416,Indonesia,Asia,1995,27.952315436241594,Not EU,222.84,0.57,64.29,IDN
417,Indonesia,Asia,1996,27.717037037037027,Not EU,234.48,0.58,66.49,IDN
418,Indonesia,Asia,1997,28.103037037037037,Not EU,257.67,0.59,64.19,IDN
419,Indonesia,Asia,1998,28.389479999999995,Not EU,261.14,0.6,65.51,IDN
420,Indonesia,Asia,1999,28.042091836734688,Not EU,278.99,0.62,64.04,IDN
421,Indonesia,Asia,2000,28.348615384615385,Not EU,280.17,0.63,65.6,IDN
422,Indonesia,Asia,2001,28.18375,Not EU,301.83,0.78,65.89,IDN
423,Indonesia,Asia,2002,29.70380952380952,Not EU,306.06,0.93,68.31,IDN
424,Indonesia,Asia,2003,29.139000000000003,Not EU,335.37,1.08,68.84,IDN
425,Indonesia,Asia,2004,29.324854368932044,Not EU,343.16,1.24,70.83,IDN
426,Indonesia,Asia,2005,28.933469387755103,Not EU,344.4,1.39,71.89,IDN
427,Indonesia,Asia,2006,29.17852713178295,Not EU,364.1,1.59,73.79,IDN
428,Indonesia,Asia,2007,28.477267441860494,Not EU,379.98,1.79,75.47,IDN
429,Indonesia,Asia,2008,28.411589595375744,Not EU,377.18,1.99,77.94,IDN
430,Indonesia,Asia,2009,28.653074712643665,Not EU,394.49,2.19,81.48,IDN
431,Indonesia,Asia,2010,28.49008287292817,Not EU,416.94,2.39,81.45,IDN
432,Indonesia,Asia,2011,28.64579670329668,Not EU,480.46,2.44,84.31,IDN
433,Indonesia,Asia,2012,28.703636363636345,Not EU,486.75,2.49,86.52,IDN
434,Indonesia,Asia,2013,28.438016528925623,Not EU,454.32,2.53,85.01,IDN
435,Indonesia,Asia,2014,28.593278236914603,Not EU,490.05,2.58,88.35,IDN
436,Indonesia,Asia,2015,28.533195592286493,Not EU,490.84,2.63,89.07,IDN
437,Indonesia,Asia,2016,28.65653739612189,Not EU,494.98,2.84,91.09,IDN
438,Indonesia,Asia,2017,28.603214285714284,Not EU,532.92,3.06,92.5,IDN
439,Indonesia,Asia,2018,28.650306406685235,Not EU,583.11,3.27,95.69,IDN
440,Ireland,Europe,1995,9.983342465753427,EU,33.52,0.27,10.52,IRL
441,Ireland,Europe,1996,9.004699453551908,EU,34.98,0.39,10.44,IRL
442,Ireland,Europe,1997,10.049534246575348,EU,36.15,0.57,10.59,IRL
443,Ireland,Europe,1998,9.927423822714683,EU,38.67,0.53,11.08,IRL
444,Ireland,Europe,1999,9.899587912087906,EU,40.28,0.68,10.81,IRL
445,Ireland,Europe,2000,9.412404371584705,EU,42.62,0.94,10.71,IRL
446,Ireland,Europe,2001,9.3814794520548,EU,44.91,1.04,10.47,IRL
447,Ireland,Europe,2002,9.976177285318569,EU,44.04,0.97,10.78,IRL
448,Ireland,Europe,2003,9.983561643835616,EU,44.22,1.11,10.18,IRL
449,Ireland,Europe,2004,9.934562841530056,EU,44.86,0.99,9.84,IRL
450,Ireland,Europe,2005,10.137123287671228,EU,46.78,1.01,9.59,IRL
451,Ireland,Europe,2006,10.271506849315069,EU,47.81,1.17,9.41,IRL
452,Ireland,Europe,2007,10.254490358126716,EU,47.02,1.17,9.23,IRL
453,Ireland,Europe,2008,9.543589041095888,EU,46.35,1.06,9.19,IRL
454,Ireland,Europe,2009,9.622362637362633,EU,41.02,1.05,9.44,IRL
455,Ireland,Europe,2010,8.484575342465764,EU,40.63,1.02,8.99,IRL
456,Ireland,Europe,2011,10.066027397260276,EU,36.36,1.02,8.87,IRL
457,Ireland,Europe,2012,9.447076502732244,EU,37.1,0.99,9.37,IRL
458,Ireland,Europe,2013,9.557726027397264,EU,35.72,1.12,9.3,IRL
459,Ireland,Europe,2014,10.137967032967037,EU,35.55,1.18,9.23,IRL
460,Ireland,Europe,2015,9.567390109890107,EU,36.99,1.14,9.36,IRL
461,Ireland,Europe,2016,9.885883977900548,EU,38.71,1.26,9.42,IRL
462,Ireland,Europe,2017,10.11610958904109,EU,37.53,1.18,9.76,IRL
463,Ireland,Europe,2018,9.953839779005524,EU,37.11,1.1,10.06,IRL
464,Italy,Europe,1995,13.427472527472547,EU,416.42,1.78,27.96,ITA
465,Italy,Europe,1996,13.23960382513662,EU,412.15,1.49,28.23,ITA
466,Italy,Europe,1997,14.21408219178082,EU,415.52,1.86,27.9,ITA
467,Italy,Europe,1998,14.118573407202234,EU,426.37,2.3,28.33,ITA
468,Italy,Europe,1999,14.338008241758253,EU,433.01,2.81,28.56,ITA
469,Italy,Europe,2000,14.46543091655266,EU,436.3,3.48,28.85,ITA
470,Italy,Europe,2001,14.208465753424658,EU,436.57,4.48,27.71,ITA
471,Italy,Europe,2002,14.08073407202215,EU,443.47,5.29,28.18,ITA
472,Italy,Europe,2003,14.64387671232878,EU,462.2,6.03,27.82,ITA
473,Italy,Europe,2004,13.787486338797809,EU,472.41,6.93,29.0,ITA
474,Italy,Europe,2005,13.46090410958903,EU,473.83,7.93,27.92,ITA
475,Italy,Europe,2006,14.020684931506851,EU,466.65,8.78,22.92,ITA
476,Italy,Europe,2007,14.297898351648351,EU,459.37,9.73,22.5,ITA
477,Italy,Europe,2008,14.33085164835166,EU,444.98,10.51,21.03,ITA
478,Italy,Europe,2009,14.505013736263743,EU,397.06,11.31,19.49,ITA
479,Italy,Europe,2010,13.764027397260264,EU,405.27,12.01,18.91,ITA
480,Italy,Europe,2011,14.60083561643836,EU,396.69,12.93,17.9,ITA
481,Italy,Europe,2012,14.479562841530043,EU,376.75,13.51,18.52,ITA
482,Italy,Europe,2013,14.276082191780798,EU,346.45,14.15,18.38,ITA
483,Italy,Europe,2014,15.05575549450548,EU,327.49,14.81,17.84,ITA
484,Italy,Europe,2015,14.810329670329658,EU,337.86,15.21,18.08,ITA
485,Italy,Europe,2016,14.97112947658403,EU,333.34,15.38,18.06,ITA
486,Italy,Europe,2017,14.93387671232877,EU,329.19,14.28,17.96,ITA
487,Italy,Europe,2018,15.560554016620491,EU,324.85,13.17,17.9,ITA
488,Japan,Asia,1995,13.068648401826492,Not EU,1172.79,40.12,29.65,JPN
489,Japan,Asia,1996,12.468105646630235,Not EU,1186.23,41.26,30.68,JPN
490,Japan,Asia,1997,13.299543378995432,Not EU,1173.99,41.44,31.35,JPN
491,Japan,Asia,1998,13.624051565377547,Not EU,1131.25,40.12,29.75,JPN
492,Japan,Asia,1999,13.65911172161173,Not EU,1165.89,37.88,23.53,JPN
493,Japan,Asia,2000,13.267094717668469,Not EU,1182.95,35.14,26.09,JPN
494,Japan,Asia,2001,12.718557077625569,Not EU,1170.62,29.12,22.82,JPN
495,Japan,Asia,2002,13.218734995383192,Not EU,1206.97,25.59,22.49,JPN
496,Japan,Asia,2003,12.888666666666689,Not EU,1215.78,25.25,22.28,JPN
497,Japan,Asia,2004,13.981912568306033,Not EU,1211.09,21.65,22.56,JPN
498,Japan,Asia,2005,13.050986301369877,Not EU,1213.82,20.76,22.12,JPN
499,Japan,Asia,2006,13.462739726027404,Not EU,1190.26,22.95,21.96,JPN
500,Japan,Asia,2007,14.083287545787558,Not EU,1226.36,24.31,20.93,JPN
501,Japan,Asia,2008,13.712680695333956,Not EU,1159.62,25.16,20.67,JPN
502,Japan,Asia,2009,13.834853479853487,Not EU,1101.21,24.9,20.21,JPN
503,Japan,Asia,2010,14.133872146118716,Not EU,1156.08,27.64,19.6,JPN
504,Japan,Asia,2011,13.664730593607306,Not EU,1212.17,30.04,18.8,JPN
505,Japan,Asia,2012,13.417295081967216,Not EU,1252.22,33.22,18.16,JPN
506,Japan,Asia,2013,13.93507762557078,Not EU,1260.9,35.86,18.73,JPN
507,Japan,Asia,2014,13.664120879120876,Not EU,1219.82,39.79,18.79,JPN
508,Japan,Asia,2015,14.33967032967034,Not EU,1181.5,43.46,18.22,JPN
509,Japan,Asia,2016,14.225769585253447,Not EU,1171.39,46.79,18.11,JPN
510,Japan,Asia,2017,13.690575342465756,Not EU,1151.93,44.14,18.08,JPN
511,Japan,Asia,2018,14.42154343807766,Not EU,1106.15,41.5,18.01,JPN
512,Latvia,Europe,1995,7.232582417582421,EU,0.0,0.0,0.0,LVA
513,Latvia,Europe,1996,5.549289617486337,EU,0.0,0.0,0.0,LVA
514,Latvia,Europe,1997,7.50087671232877,EU,0.0,0.0,0.0,LVA
515,Latvia,Europe,1998,5.797147435897437,EU,0.0,0.0,0.0,LVA
516,Latvia,Europe,1999,8.311208791208788,EU,0.0,0.0,0.0,LVA
517,Latvia,Europe,2000,8.687178082191775,EU,0.0,0.0,0.0,LVA
518,Latvia,Europe,2001,7.761726027397257,EU,0.0,0.0,0.0,LVA
519,Latvia,Europe,2002,8.171163434903045,EU,0.0,0.0,0.0,LVA
520,Latvia,Europe,2003,7.5957260273972675,EU,0.0,0.0,0.0,LVA
521,Latvia,Europe,2004,7.31844262295082,EU,0.0,0.0,0.0,LVA
522,Latvia,Europe,2005,7.282438356164382,EU,0.0,0.0,0.0,LVA
523,Latvia,Europe,2006,7.594410958904113,EU,0.0,0.0,0.0,LVA
524,Latvia,Europe,2007,7.827499999999993,EU,0.0,0.0,0.0,LVA
525,Latvia,Europe,2008,8.068324175824179,EU,0.0,0.0,0.0,LVA
526,Latvia,Europe,2009,7.022829670329675,EU,0.0,0.0,0.0,LVA
527,Latvia,Europe,2010,5.922191780821911,EU,0.0,0.0,0.0,LVA
528,Latvia,Europe,2011,7.489506849315075,EU,0.0,0.0,0.0,LVA
529,Latvia,Europe,2012,6.404972677595629,EU,0.0,0.0,0.0,LVA
530,Latvia,Europe,2013,7.304164383561647,EU,0.0,0.0,0.0,LVA
531,Latvia,Europe,2014,7.844148351648355,EU,0.0,0.0,0.0,LVA
532,Latvia,Europe,2015,8.268434065934072,EU,0.0,0.0,0.0,LVA
533,Latvia,Europe,2016,7.656914600550967,EU,0.0,0.0,0.0,LVA
534,Latvia,Europe,2017,7.311616438356172,EU,0.0,0.0,0.0,LVA
535,Latvia,Europe,2018,8.148176795580113,EU,0.0,0.0,0.0,LVA
536,Mexico,North America,1995,21.31209876543213,Not EU,306.52,1.84,35.44,MEX
537,Mexico,North America,1996,20.723262711864383,Not EU,326.08,3.62,36.18,MEX
538,Mexico,North America,1997,20.2472148541114,Not EU,349.23,4.17,36.03,MEX
539,Mexico,North America,1998,21.71918620689657,Not EU,373.12,4.28,37.3,MEX
540,Mexico,North America,1999,20.797987355110653,Not EU,360.47,5.32,36.5,MEX
541,Mexico,North America,2000,20.533129388164483,Not EU,384.48,5.32,36.64,MEX
542,Mexico,North America,2001,20.421464646464653,Not EU,382.76,5.21,37.06,MEX
543,Mexico,North America,2002,20.5347225501771,Not EU,388.74,6.1,34.37,MEX
544,Mexico,North America,2003,20.455360824742243,Not EU,407.0,6.5,34.9,MEX
545,Mexico,North America,2004,20.24895922746781,Not EU,414.19,7.6,34.88,MEX
546,Mexico,North America,2005,21.00040862656072,Not EU,432.39,8.34,36.94,MEX
547,Mexico,North America,2006,20.7447748815166,Not EU,449.71,10.64,36.09,MEX
548,Mexico,North America,2007,20.24336746302617,Not EU,462.41,12.29,37.05,MEX
549,Mexico,North America,2008,20.40079889807164,Not EU,477.41,13.4,36.12,MEX
550,Mexico,North America,2009,21.131881868131867,Not EU,461.76,14.14,36.7,MEX
551,Mexico,North America,2010,20.278047945205483,Not EU,468.94,15.26,37.24,MEX
552,Mexico,North America,2011,21.10687977099238,Not EU,480.96,16.26,37.94,MEX
553,Mexico,North America,2012,20.892384105960268,Not EU,480.71,16.29,39.47,MEX
554,Mexico,North America,2013,20.51375478927206,Not EU,469.86,17.38,43.22,MEX
555,Mexico,North America,2014,20.05992292870905,Not EU,458.32,17.98,38.49,MEX
556,Mexico,North America,2015,20.16166172106824,Not EU,472.59,18.59,38.47,MEX
557,Mexico,North America,2016,20.454342359767907,Not EU,479.25,19.35,42.59,MEX
558,Mexico,North America,2017,20.51735211267609,Not EU,471.81,20.12,42.88,MEX
559,Mexico,North America,2018,19.983311132255,Not EU,472.14,20.89,42.25,MEX
560,Poland,Europe,1995,8.282273972602738,EU,340.0,0.34,24.55,POL
561,Poland,Europe,1996,6.88475409836066,EU,355.32,0.52,24.6,POL
562,Poland,Europe,1997,7.91906849315068,EU,344.63,0.67,25.11,POL
563,Poland,Europe,1998,8.333628808864265,EU,318.41,0.76,23.65,POL
564,Poland,Europe,1999,9.140851648351653,EU,308.98,0.96,23.27,POL
565,Poland,Europe,2000,9.651830601092891,EU,295.71,1.55,23.72,POL
566,Poland,Europe,2001,8.388246575342468,EU,293.6,2.12,23.5,POL
567,Poland,Europe,2002,9.20581717451523,EU,287.28,2.71,23.04,POL
568,Poland,Europe,2003,8.371287671232873,EU,297.7,3.28,23.67,POL
569,Poland,Europe,2004,8.465628415300545,EU,301.82,3.94,23.76,POL
570,Poland,Europe,2005,8.667369863013704,EU,301.35,4.75,24.59,POL
571,Poland,Europe,2006,9.046164383561644,EU,314.09,5.61,24.67,POL
572,Poland,Europe,2007,9.737087912087912,EU,313.37,6.21,25.57,POL
573,Poland,Europe,2008,9.840906593406588,EU,308.32,6.51,24.35,POL
574,Poland,Europe,2009,8.800219780219784,EU,297.26,6.4,21.02,POL
575,Poland,Europe,2010,7.964356164383563,EU,313.74,7.04,21.74,POL
576,Poland,Europe,2011,9.093616438356165,EU,310.59,7.66,21.42,POL
577,Poland,Europe,2012,8.699590163934422,EU,303.35,8.0,21.89,POL
578,Poland,Europe,2013,8.895643835616442,EU,298.33,8.4,21.03,POL
579,Poland,Europe,2014,9.784862637362629,EU,285.74,9.03,20.5,POL
580,Poland,Europe,2015,10.55321428571429,EU,289.05,9.05,20.68,POL
581,Poland,Europe,2016,9.92533149171271,EU,299.74,9.03,21.62,POL
582,Poland,Europe,2017,9.559068493150685,EU,312.82,8.46,21.55,POL
583,Poland,Europe,2018,10.720997229916897,EU,312.74,7.89,21.48,POL
584,Portugal,Europe,1995,17.995205479452057,EU,50.69,0.14,3.91,PRT
585,Portugal,Europe,1996,17.136885245901624,EU,48.74,0.16,4.05,PRT
586,Portugal,Europe,1997,18.22250000000001,EU,50.93,0.22,3.99,PRT
587,Portugal,Europe,1998,17.637214484679674,EU,55.6,0.29,4.11,PRT
588,Portugal,Europe,1999,17.372644628099184,EU,62.21,0.37,4.14,PRT
589,Portugal,Europe,2000,16.82032786885247,EU,61.66,0.45,4.14,PRT
590,Portugal,Europe,2001,16.788465753424664,EU,61.38,0.56,3.86,PRT
591,Portugal,Europe,2002,16.844792243767312,EU,65.61,0.69,4.13,PRT
592,Portugal,Europe,2003,17.254767123287667,EU,60.52,0.82,3.79,PRT
593,Portugal,Europe,2004,17.03076712328767,EU,62.13,0.94,3.95,PRT
594,Portugal,Europe,2005,17.07609890109889,EU,65.47,1.11,3.83,PRT
595,Portugal,Europe,2006,17.49892857142859,EU,60.45,1.29,3.66,PRT
596,Portugal,Europe,2007,16.913287292817675,EU,58.8,1.52,3.81,PRT
597,Portugal,Europe,2008,16.846383561643847,EU,56.84,1.76,3.72,PRT
598,Portugal,Europe,2009,17.822554945054943,EU,56.3,1.96,3.38,PRT
599,Portugal,Europe,2010,17.322356164383567,EU,50.94,2.15,3.33,PRT
600,Portugal,Europe,2011,17.407252747252752,EU,49.87,2.32,3.05,PRT
601,Portugal,Europe,2012,16.138328767123276,EU,48.22,2.48,3.07,PRT
602,Portugal,Europe,2013,16.32826446280992,EU,46.56,2.65,3.06,PRT
603,Portugal,Europe,2014,16.545027472527472,EU,45.93,2.78,3.2,PRT
604,Portugal,Europe,2015,16.733057851239668,EU,49.85,2.93,3.2,PRT
605,Portugal,Europe,2016,16.79607734806629,EU,48.76,3.09,3.16,PRT
606,Portugal,Europe,2017,17.127863013698633,EU,53.33,2.86,3.24,PRT
607,Portugal,Europe,2018,16.30335180055401,EU,49.78,2.64,3.09,PRT
608,Romania,Europe,1995,10.560383561643826,EU,120.73,2.36,11.77,ROU
609,Romania,Europe,1996,10.24191256830601,EU,123.95,2.35,11.79,ROU
610,Romania,Europe,1997,10.19249315068494,EU,113.42,2.35,11.33,ROU
611,Romania,Europe,1998,11.027486187845296,EU,99.39,2.31,10.35,ROU
612,Romania,Europe,1999,11.842500000000005,EU,85.5,2.12,9.71,ROU
613,Romania,Europe,2000,12.12666666666667,EU,88.88,1.75,10.5,ROU
614,Romania,Europe,2001,11.66016438356164,EU,94.11,1.49,10.24,ROU
615,Romania,Europe,2002,11.576897506925206,EU,93.59,1.17,9.27,ROU
616,Romania,Europe,2003,11.077802197802194,EU,99.62,0.54,9.88,ROU
617,Romania,Europe,2004,11.065874316939889,EU,96.73,0.46,11.04,ROU
618,Romania,Europe,2005,10.828438356164389,EU,95.81,0.48,11.03,ROU
619,Romania,Europe,2006,11.360958904109587,EU,98.94,0.57,9.99,ROU
620,Romania,Europe,2007,12.624203296703294,EU,96.44,0.73,10.03,ROU
621,Romania,Europe,2008,12.008873626373628,EU,95.21,1.0,9.1,ROU
622,Romania,Europe,2009,12.097032967032971,EU,80.52,0.98,8.53,ROU
623,Romania,Europe,2010,11.547452054794515,EU,77.5,1.06,9.07,ROU
624,Romania,Europe,2011,11.12780821917809,EU,83.95,1.16,8.98,ROU
625,Romania,Europe,2012,12.088005464480878,EU,81.73,1.26,8.23,ROU
626,Romania,Europe,2013,11.999013698630131,EU,72.01,1.36,8.44,ROU
627,Romania,Europe,2014,11.793571428571438,EU,71.41,1.43,8.19,ROU
628,Romania,Europe,2015,12.517335164835178,EU,72.9,1.7,8.38,ROU
629,Romania,Europe,2016,12.056795580110494,EU,71.14,1.95,8.28,ROU
630,Romania,Europe,2017,11.888547945205485,EU,74.1,1.83,8.5,ROU
631,Romania,Europe,2018,12.517845303867391,EU,74.88,1.71,8.64,ROU
632,Russia,Europe,1995,9.34027624309393,Not EU,1564.9,29.96,63.57,RUS
633,Russia,Europe,1996,9.0112602739726,Not EU,1534.38,26.48,60.23,RUS
634,Russia,Europe,1997,8.568397260273969,Not EU,1427.06,29.2,55.87,RUS
635,Russia,Europe,1998,9.11692520775623,Not EU,1418.51,32.64,51.34,RUS
636,Russia,Europe,1999,9.728241758241763,Not EU,1456.15,33.16,49.2,RUS
637,Russia,Europe,2000,9.452404371584702,Not EU,1489.5,37.29,50.49,RUS
638,Russia,Europe,2001,9.202260273972602,Not EU,1490.53,35.04,53.25,RUS
639,Russia,Europe,2002,8.598795013850415,Not EU,1491.72,27.44,53.2,RUS
640,Russia,Europe,2003,8.82365740740741,Not EU,1522.19,22.07,53.97,RUS
641,Russia,Europe,2004,5.271639344262294,Not EU,1534.12,25.82,49.72,RUS
642,Russia,Europe,2005,5.607506849315072,Not EU,1530.85,26.94,49.85,RUS
643,Russia,Europe,2006,4.990575342465756,Not EU,1590.09,24.32,49.93,RUS
644,Russia,Europe,2007,6.609450549450547,Not EU,1591.51,22.53,50.93,RUS
645,Russia,Europe,2008,6.765769230769231,Not EU,1613.14,23.3,55.39,RUS
646,Russia,Europe,2009,5.843791208791206,Not EU,1495.17,16.4,53.86,RUS
647,Russia,Europe,2010,6.366630136986303,Not EU,1583.16,17.55,51.92,RUS
648,Russia,Europe,2011,6.345534246575341,Not EU,1661.78,15.26,54.49,RUS
649,Russia,Europe,2012,5.348633879781424,Not EU,1666.86,21.95,53.09,RUS
650,Russia,Europe,2013,6.292410958904103,Not EU,1624.02,26.14,53.22,RUS
651,Russia,Europe,2014,6.504835164835163,Not EU,1606.86,28.95,55.71,RUS
652,Russia,Europe,2015,7.025494505494514,Not EU,1557.53,27.08,55.52,RUS
653,Russia,Europe,2016,6.186740331491716,Not EU,1530.9,28.58,58.06,RUS
654,Russia,Europe,2017,5.81712328767123,Not EU,1557.19,28.13,58.66,RUS
655,Russia,Europe,2018,6.160333333333334,Not EU,1607.55,27.67,58.61,RUS
656,Saudi Arabia,Middle East,1995,25.855301369863003,Not EU,222.4,2.37,3.91,SAU
657,Saudi Arabia,Middle East,1996,26.41640109890109,Not EU,234.09,3.83,4.05,SAU
658,Saudi Arabia,Middle East,1997,25.784109589041083,Not EU,214.93,5.29,4.3,SAU
659,Saudi Arabia,Middle East,1998,27.06804709141276,Not EU,230.41,6.75,4.45,SAU
660,Saudi Arabia,Middle East,1999,27.216002747252716,Not EU,234.53,8.21,4.47,SAU
661,Saudi Arabia,Middle East,2000,26.62648907103825,Not EU,244.34,9.67,4.67,SAU
662,Saudi Arabia,Middle East,2001,26.821769547325108,Not EU,248.6,10.34,4.81,SAU
663,Saudi Arabia,Middle East,2002,26.471966759002736,Not EU,266.91,11.01,4.91,SAU
664,Saudi Arabia,Middle East,2003,26.647764060356653,Not EU,278.11,11.69,5.04,SAU
665,Saudi Arabia,Middle East,2004,26.411434426229512,Not EU,294.21,12.36,5.23,SAU
666,Saudi Arabia,Middle East,2005,26.46736986301374,Not EU,308.97,13.03,5.04,SAU
667,Saudi Arabia,Middle East,2006,26.91161643835616,Not EU,328.35,15.46,5.1,SAU
668,Saudi Arabia,Middle East,2007,27.0869093406593,Not EU,347.53,17.89,5.28,SAU
669,Saudi Arabia,Middle East,2008,26.85740384615383,Not EU,382.24,20.32,4.65,SAU
670,Saudi Arabia,Middle East,2009,27.23796703296707,Not EU,399.63,22.75,4.45,SAU
671,Saudi Arabia,Middle East,2010,27.42730136986307,Not EU,439.23,25.18,4.66,SAU
672,Saudi Arabia,Middle East,2011,26.46833791208796,Not EU,456.67,30.5,4.96,SAU
673,Saudi Arabia,Middle East,2012,26.78161379310345,Not EU,488.75,35.82,5.03,SAU
674,Saudi Arabia,Middle East,2013,26.55115068493151,Not EU,499.38,41.14,5.54,SAU
675,Saudi Arabia,Middle East,2014,27.04462707182325,Not EU,536.81,46.46,5.44,SAU
676,Saudi Arabia,Middle East,2015,28.071891117478543,Not EU,561.14,51.78,5.69,SAU
677,Saudi Arabia,Middle East,2016,27.07672651933703,Not EU,556.74,59.05,5.81,SAU
678,Saudi Arabia,Middle East,2017,27.457362637362635,Not EU,540.7,66.33,5.69,SAU
679,Saudi Arabia,Middle East,2018,27.804805555555536,Not EU,514.6,73.6,5.75,SAU
680,Slovakia,Europe,1995,10.355232876712336,EU,42.37,0.16,2.91,SVK
681,Slovakia,Europe,1996,9.091748633879789,EU,42.17,0.08,3.14,SVK
682,Slovakia,Europe,1997,10.055698630136988,EU,42.27,0.1,3.03,SVK
683,Slovakia,Europe,1998,11.007166666666675,EU,41.4,0.1,2.83,SVK
684,Slovakia,Europe,1999,10.8328021978022,EU,40.66,0.11,2.32,SVK
685,Slovakia,Europe,2000,11.778688524590171,EU,38.07,0.14,2.58,SVK
686,Slovakia,Europe,2001,10.622219178082196,EU,38.58,0.18,2.78,SVK
687,Slovakia,Europe,2002,11.321329639889198,EU,38.08,0.23,2.76,SVK
688,Slovakia,Europe,2003,11.258484848484851,EU,38.34,0.28,2.8,SVK
689,Slovakia,Europe,2004,10.5412568306011,EU,37.44,0.33,3.0,SVK
690,Slovakia,Europe,2005,10.385726027397256,EU,38.52,0.37,2.87,SVK
691,Slovakia,Europe,2006,11.004136986301368,EU,37.88,0.43,3.18,SVK
692,Slovakia,Europe,2007,11.93346153846153,EU,37.22,0.46,2.97,SVK
693,Slovakia,Europe,2008,11.724027397260285,EU,37.05,0.53,2.86,SVK
694,Slovakia,Europe,2009,11.23733516483516,EU,33.84,0.57,2.62,SVK
695,Slovakia,Europe,2010,10.029726027397269,EU,35.45,0.64,2.42,SVK
696,Slovakia,Europe,2011,11.105397260273978,EU,34.13,0.65,2.12,SVK
697,Slovakia,Europe,2012,11.602185792349724,EU,32.37,0.68,2.01,SVK
698,Slovakia,Europe,2013,11.21186301369863,EU,32.94,0.68,1.92,SVK
699,Slovakia,Europe,2014,12.195659340659349,EU,30.45,0.68,2.0,SVK
700,Slovakia,Europe,2015,12.02876373626374,EU,30.75,0.76,1.93,SVK
701,Slovakia,Europe,2016,11.309198895027624,EU,31.5,0.69,2.01,SVK
702,Slovakia,Europe,2017,11.510547945205476,EU,33.58,0.64,1.9,SVK
703,Slovakia,Europe,2018,12.362105263157888,EU,33.0,0.6,1.97,SVK
704,South Africa,Africa,1995,16.299452054794532,Not EU,264.19,3.66,18.85,ZAF
705,South Africa,Africa,1996,15.877868852459008,Not EU,273.98,3.74,19.66,ZAF
706,South Africa,Africa,1997,16.528465753424655,Not EU,288.92,3.82,19.67,ZAF
707,South Africa,Africa,1998,16.58808864265929,Not EU,296.51,3.9,19.81,ZAF
708,South Africa,Africa,1999,17.295274725274723,Not EU,278.47,3.98,19.57,ZAF
709,South Africa,Africa,2000,17.01019125683059,Not EU,284.73,4.05,19.59,ZAF
710,South Africa,Africa,2001,16.74709589041097,Not EU,320.6,4.6,18.97,ZAF
711,South Africa,Africa,2002,16.591024930747928,Not EU,331.42,5.15,20.02,ZAF
712,South Africa,Africa,2003,16.754890109890113,Not EU,353.11,5.69,18.86,ZAF
713,South Africa,Africa,2004,17.040163934426236,Not EU,379.97,6.24,18.57,ZAF
714,South Africa,Africa,2005,16.720273972602747,Not EU,377.64,6.78,18.78,ZAF
715,South Africa,Africa,2006,16.906000000000013,Not EU,379.56,7.78,18.52,ZAF
716,South Africa,Africa,2007,16.978429752066123,Not EU,396.9,8.78,19.0,ZAF
717,South Africa,Africa,2008,16.982609890109885,Not EU,426.56,9.79,19.37,ZAF
718,South Africa,Africa,2009,17.357637362637362,Not EU,404.02,10.79,19.65,ZAF
719,South Africa,Africa,2010,17.090602739726048,Not EU,425.11,11.79,19.46,ZAF
720,South Africa,Africa,2011,16.926904109589028,Not EU,409.12,12.13,19.42,ZAF
721,South Africa,Africa,2012,17.009153005464483,Not EU,426.71,12.46,19.72,ZAF
722,South Africa,Africa,2013,17.056383561643827,Not EU,436.87,12.8,19.09,ZAF
723,South Africa,Africa,2014,17.38766483516483,Not EU,447.98,13.14,19.33,ZAF
724,South Africa,Africa,2015,17.184738292011033,Not EU,424.88,13.47,18.18,ZAF
725,South Africa,Africa,2016,17.42588397790055,Not EU,425.18,14.39,17.51,ZAF
726,South Africa,Africa,2017,17.02553424657534,Not EU,435.14,15.31,19.15,ZAF
727,South Africa,Africa,2018,17.122638888888886,Not EU,433.25,16.23,18.82,ZAF
728,South Korea,Asia,1995,10.974109589041104,Not EU,384.31,4.76,10.92,KOR
729,South Korea,Asia,1996,10.907896174863394,Not EU,408.88,7.04,11.43,KOR
730,South Korea,Asia,1997,11.44586301369864,Not EU,430.48,9.89,12.52,KOR
731,South Korea,Asia,1998,12.674834254143637,Not EU,365.67,11.61,12.49,KOR
732,South Korea,Asia,1999,12.10255494505494,Not EU,400.94,13.6,13.26,KOR
733,South Korea,Asia,2000,11.319808743169402,Not EU,455.69,15.71,13.96,KOR
734,South Korea,Asia,2001,11.356593406593406,Not EU,470.52,16.96,14.13,KOR
735,South Korea,Asia,2002,11.71135734072022,Not EU,461.94,18.51,13.86,KOR
736,South Korea,Asia,2003,11.746438356164363,Not EU,464.61,20.34,17.15,KOR
737,South Korea,Asia,2004,12.68934426229508,Not EU,484.9,22.38,19.76,KOR
738,South Korea,Asia,2005,11.274438356164389,Not EU,480.08,23.94,18.32,KOR
739,South Korea,Asia,2006,12.234356164383572,Not EU,486.94,26.74,16.93,KOR
740,South Korea,Asia,2007,12.26471074380165,Not EU,501.5,29.47,8.71,KOR
741,South Korea,Asia,2008,12.18796703296704,Not EU,513.19,31.95,8.62,KOR
742,South Korea,Asia,2009,12.081016483516478,Not EU,525.39,33.88,8.11,KOR
743,South Korea,Asia,2010,11.714328767123286,Not EU,574.26,36.77,8.62,KOR
744,South Korea,Asia,2011,11.458630136986296,Not EU,597.29,37.79,9.08,KOR
745,South Korea,Asia,2012,11.515355191256829,Not EU,598.96,39.2,10.29,KOR
746,South Korea,Asia,2013,11.726630136986287,Not EU,597.64,40.46,10.22,KOR
747,South Korea,Asia,2014,12.549972527472525,Not EU,586.0,41.78,10.3,KOR
748,South Korea,Asia,2015,12.881813186813194,Not EU,606.51,42.94,10.39,KOR
749,South Korea,Asia,2016,13.03618784530386,Not EU,614.78,45.86,10.51,KOR
750,South Korea,Asia,2017,12.297589041095884,Not EU,625.35,48.79,10.6,KOR
751,South Korea,Asia,2018,12.358027777777778,Not EU,630.87,51.71,10.77,KOR
752,Spain,Europe,1995,15.840648401826463,EU,240.58,7.13,20.34,ESP
753,Spain,Europe,1996,15.067422586520935,EU,230.1,8.06,22.45,ESP
754,Spain,Europe,1997,16.014082191780815,EU,248.61,9.52,22.13,ESP
755,Spain,Europe,1998,15.36849492151428,EU,256.22,9.69,23.47,ESP
756,Spain,Europe,1999,15.201071428571442,EU,278.31,11.71,23.53,ESP
757,Spain,Europe,2000,14.82425318761386,EU,293.31,13.19,23.65,ESP
758,Spain,Europe,2001,14.78547031963472,EU,294.79,9.82,22.77,ESP
759,Spain,Europe,2002,15.27527239150505,EU,312.75,8.52,22.4,ESP
760,Spain,Europe,2003,16.391106032906794,EU,318.66,10.6,23.37,ESP
761,Spain,Europe,2004,15.668397085610202,EU,335.56,10.84,22.61,ESP
762,Spain,Europe,2005,15.757698630136984,EU,350.5,12.16,21.28,ESP
763,Spain,Europe,2006,16.01173515981737,EU,341.78,14.78,21.69,ESP
764,Spain,Europe,2007,14.706703296703276,EU,354.68,16.92,22.19,ESP
765,Spain,Europe,2008,14.943946886446843,EU,324.16,17.87,20.07,ESP
766,Spain,Europe,2009,15.681364468864494,EU,287.49,16.54,19.66,ESP
767,Spain,Europe,2010,14.877936073059365,EU,273.25,16.72,20.01,ESP
768,Spain,Europe,2011,16.110639269406413,EU,274.4,16.26,18.95,ESP
769,Spain,Europe,2012,15.636129326047364,EU,269.27,16.36,18.25,ESP
770,Spain,Europe,2013,15.35467579908679,EU,242.8,16.44,19.15,ESP
771,Spain,Europe,2014,16.37653846153844,EU,240.96,16.37,19.96,ESP
772,Spain,Europe,2015,16.15098901098899,EU,256.28,9.92,20.1,ESP
773,Spain,Europe,2016,15.907430939226494,EU,247.03,9.69,19.85,ESP
774,Spain,Europe,2017,15.95808219178083,EU,263.44,9.0,20.14,ESP
775,Spain,Europe,2018,15.800681399631676,EU,258.34,8.31,20.35,ESP
776,Sweden,Europe,1995,6.972602739726026,EU,58.23,0.78,5.7,SWE
777,Sweden,Europe,1996,6.296448087431699,EU,63.65,0.79,5.85,SWE
778,Sweden,Europe,1997,7.393534246575341,EU,57.38,0.93,5.79,SWE
779,Sweden,Europe,1998,6.698555555555558,EU,58.36,0.97,5.74,SWE
780,Sweden,Europe,1999,8.381675824175819,EU,57.27,1.15,5.58,SWE
781,Sweden,Europe,2000,8.488032786885245,EU,53.28,1.17,5.49,SWE
782,Sweden,Europe,2001,7.629698630136978,EU,52.5,1.26,5.27,SWE
783,Sweden,Europe,2002,8.106333333333337,EU,54.02,1.36,5.19,SWE
784,Sweden,Europe,2003,7.822341597796138,EU,55.2,1.38,5.15,SWE
785,Sweden,Europe,2004,7.248524590163937,EU,53.59,1.46,5.19,SWE
786,Sweden,Europe,2005,7.572630136986303,EU,50.21,1.53,5.08,SWE
787,Sweden,Europe,2006,8.093698630136991,EU,48.9,1.49,5.03,SWE
788,Sweden,Europe,2007,7.941593406593411,EU,47.14,1.55,4.9,SWE
789,Sweden,Europe,2008,8.260109589041098,EU,46.15,1.45,5.08,SWE
790,Sweden,Europe,2009,7.344038461538464,EU,42.88,1.15,4.85,SWE
791,Sweden,Europe,2010,5.578164383561645,EU,48.13,1.27,5.05,SWE
792,Sweden,Europe,2011,8.117150684931497,EU,44.59,1.25,4.8,SWE
793,Sweden,Europe,2012,6.818934426229507,EU,42.15,1.1,4.69,SWE
794,Sweden,Europe,2013,7.322575342465748,EU,40.55,1.05,4.75,SWE
795,Sweden,Europe,2014,8.367884615384613,EU,39.1,1.06,4.92,SWE
796,Sweden,Europe,2015,8.096098901098902,EU,39.2,1.01,4.99,SWE
797,Sweden,Europe,2016,7.709281767955798,EU,38.79,0.99,4.96,SWE
798,Sweden,Europe,2017,7.483589041095883,EU,38.33,0.92,5.1,SWE
799,Sweden,Europe,2018,8.37096952908588,EU,36.0,0.85,4.92,SWE
800,The Netherlands,Europe,1995,10.495917808219176,EU,0.0,0.0,0.0,NLD
801,The Netherlands,Europe,1996,8.582759562841524,EU,0.0,0.0,0.0,NLD
802,The Netherlands,Europe,1997,10.271123287671236,EU,0.0,0.0,0.0,NLD
803,The Netherlands,Europe,1998,10.623656509695287,EU,0.0,0.0,0.0,NLD
804,The Netherlands,Europe,1999,11.142829670329675,EU,0.0,0.0,0.0,NLD
805,The Netherlands,Europe,2000,11.02150273224043,EU,0.0,0.0,0.0,NLD
806,The Netherlands,Europe,2001,10.64065753424658,EU,0.0,0.0,0.0,NLD
807,The Netherlands,Europe,2002,10.890027700831029,EU,0.0,0.0,0.0,NLD
808,The Netherlands,Europe,2003,10.706027397260272,EU,0.0,0.0,0.0,NLD
809,The Netherlands,Europe,2004,10.710519125683067,EU,0.0,0.0,0.0,NLD
810,The Netherlands,Europe,2005,10.971397260273982,EU,0.0,0.0,0.0,NLD
811,The Netherlands,Europe,2006,11.35676712328767,EU,0.0,0.0,0.0,NLD
812,The Netherlands,Europe,2007,11.4440934065934,EU,0.0,0.0,0.0,NLD
813,The Netherlands,Europe,2008,10.826657534246571,EU,0.0,0.0,0.0,NLD
814,The Netherlands,Europe,2009,10.72706043956044,EU,0.0,0.0,0.0,NLD
815,The Netherlands,Europe,2010,9.228657534246576,EU,0.0,0.0,0.0,NLD
816,The Netherlands,Europe,2011,11.045589041095887,EU,0.0,0.0,0.0,NLD
817,The Netherlands,Europe,2012,10.404562841530051,EU,0.0,0.0,0.0,NLD
818,The Netherlands,Europe,2013,9.962684931506857,EU,0.0,0.0,0.0,NLD
819,The Netherlands,Europe,2014,11.849917582417582,EU,0.0,0.0,0.0,NLD
820,The Netherlands,Europe,2015,11.037087912087912,EU,0.0,0.0,0.0,NLD
821,The Netherlands,Europe,2016,11.004419889502758,EU,0.0,0.0,0.0,NLD
822,The Netherlands,Europe,2017,11.172410958904116,EU,0.0,0.0,0.0,NLD
823,The Netherlands,Europe,2018,11.582055555555556,EU,0.0,0.0,0.0,NLD
824,Turkey,Middle East,1995,12.440863013698642,Not EU,168.26,1.1,26.05,TUR
825,Turkey,Middle East,1996,12.302909836065586,Not EU,185.45,1.12,26.68,TUR
826,Turkey,Middle East,1997,11.560986301369848,Not EU,193.59,1.19,26.82,TUR
827,Turkey,Middle East,1998,13.135387811634349,Not EU,193.85,1.29,28.13,TUR
828,Turkey,Middle East,1999,13.345068681318663,Not EU,192.87,1.32,28.08,TUR
829,Turkey,Middle East,2000,12.369685792349728,Not EU,216.62,1.38,27.62,TUR
830,Turkey,Middle East,2001,13.741726027397249,Not EU,197.78,1.48,25.02,TUR
831,Turkey,Middle East,2002,12.698379501385054,Not EU,208.12,1.7,25.36,TUR
832,Turkey,Middle East,2003,12.699615912208518,Not EU,219.16,1.97,26.22,TUR
833,Turkey,Middle East,2004,12.51609289617486,Not EU,224.6,2.31,26.64,TUR
834,Turkey,Middle East,2005,12.682547945205467,Not EU,235.01,2.59,27.15,TUR
835,Turkey,Middle East,2006,12.676821917808224,Not EU,261.09,2.86,28.77,TUR
836,Turkey,Middle East,2007,13.755027472527471,Not EU,288.97,3.34,27.88,TUR
837,Turkey,Middle East,2008,13.191881868131867,Not EU,287.2,3.52,26.38,TUR
838,Turkey,Middle East,2009,13.4384478021978,Not EU,287.83,3.44,29.47,TUR
839,Turkey,Middle East,2010,14.421150684931492,Not EU,297.12,4.69,28.75,TUR
840,Turkey,Middle East,2011,12.36575342465754,Not EU,317.72,5.18,28.89,TUR
841,Turkey,Middle East,2012,13.503046448087431,Not EU,328.88,5.94,29.59,TUR
842,Turkey,Middle East,2013,13.663082191780823,Not EU,318.17,6.09,32.12,TUR
843,Turkey,Middle East,2014,14.322046703296712,Not EU,340.64,6.83,32.07,TUR
844,Turkey,Middle East,2015,13.695425824175826,Not EU,351.59,6.92,32.88,TUR
845,Turkey,Middle East,2016,13.859406077348073,Not EU,374.59,6.57,35.14,TUR
846,Turkey,Middle East,2017,13.49331506849314,Not EU,415.9,7.17,34.62,TUR
847,Turkey,Middle East,2018,14.86961272475799,Not EU,412.97,7.77,34.38,TUR
848,US,North America,1995,13.447818721171371,Not EU,0.0,0.0,0.0,USA
849,US,North America,1996,12.645650804149614,Not EU,0.0,0.0,0.0,USA
850,US,North America,1997,12.991416598107872,Not EU,0.0,0.0,0.0,USA
851,US,North America,1998,14.49727602548289,Not EU,0.0,0.0,0.0,USA
852,US,North America,1999,13.949521665148437,Not EU,0.0,0.0,0.0,USA
853,US,North America,2000,13.402687809881913,Not EU,0.0,0.0,0.0,USA
854,US,North America,2001,13.808181475387151,Not EU,0.0,0.0,0.0,USA
855,US,North America,2002,13.679871247614251,Not EU,0.0,0.0,0.0,USA
856,US,North America,2003,13.459208070530993,Not EU,0.0,0.0,0.0,USA
857,US,North America,2004,13.57056530080832,Not EU,0.0,0.0,0.0,USA
858,US,North America,2005,13.863339207048456,Not EU,0.0,0.0,0.0,USA
859,US,North America,2006,14.3005622850825,Not EU,0.0,0.0,0.0,USA
860,US,North America,2007,13.94458345665692,Not EU,0.0,0.0,0.0,USA
861,US,North America,2008,13.315323572984688,Not EU,0.0,0.0,0.0,USA
862,US,North America,2009,13.266815539387933,Not EU,0.0,0.0,0.0,USA
863,US,North America,2010,13.77246720853975,Not EU,0.0,0.0,0.0,USA
864,US,North America,2011,13.93264830433078,Not EU,0.0,0.0,0.0,USA
865,US,North America,2012,14.821051959113897,Not EU,0.0,0.0,0.0,USA
866,US,North America,2013,13.315673915758264,Not EU,0.0,0.0,0.0,USA
867,US,North America,2014,13.161012678629133,Not EU,0.0,0.0,0.0,USA
868,US,North America,2015,14.190035105944842,Not EU,0.0,0.0,0.0,USA
869,US,North America,2016,14.620133071358344,Not EU,0.0,0.0,0.0,USA
870,US,North America,2017,14.41299786902569,Not EU,0.0,0.0,0.0,USA
871,US,North America,2018,13.910649834362944,Not EU,0.0,0.0,0.0,USA
872,United Kingdom,Europe,1995,11.889437585733877,Not EU,524.29,21.09,44.03,GBR
873,United Kingdom,Europe,1996,10.996798905608756,Not EU,544.66,22.33,43.81,GBR
874,United Kingdom,Europe,1997,11.485500685871056,Not EU,522.33,25.14,43.83,GBR
875,United Kingdom,Europe,1998,10.986329639889195,Not EU,525.03,22.15,44.07,GBR
876,United Kingdom,Europe,1999,11.170261707988985,Not EU,522.36,13.71,34.41,GBR
877,United Kingdom,Europe,2000,10.798917808219176,Not EU,530.12,12.63,34.62,GBR
878,United Kingdom,Europe,2001,10.590137174211248,Not EU,544.48,13.24,33.84,GBR
879,United Kingdom,Europe,2002,11.032219140083216,Not EU,530.23,13.69,31.82,GBR
880,United Kingdom,Europe,2003,11.019230769230765,Not EU,542.08,14.9,31.79,GBR
881,United Kingdom,Europe,2004,10.803474692202466,Not EU,542.32,13.81,32.63,GBR
882,United Kingdom,Europe,2005,10.7612208504801,Not EU,540.6,14.83,31.9,GBR
883,United Kingdom,Europe,2006,10.809876543209878,Not EU,541.64,15.53,31.28,GBR
884,United Kingdom,Europe,2007,10.981375515818431,Not EU,529.16,15.95,31.56,GBR
885,United Kingdom,Europe,2008,10.405788751714669,Not EU,514.41,16.23,31.03,GBR
886,United Kingdom,Europe,2009,10.583603851444291,Not EU,465.12,16.64,29.31,GBR
887,United Kingdom,Europe,2010,10.111141678129297,Not EU,481.79,17.53,29.49,GBR
888,United Kingdom,Europe,2011,11.416735253772297,Not EU,444.42,15.95,28.48,GBR
889,United Kingdom,Europe,2012,10.651143250688698,Not EU,467.08,16.32,28.56,GBR
890,United Kingdom,Europe,2013,10.665102880658443,Not EU,453.06,16.58,28.31,GBR
891,United Kingdom,Europe,2014,11.86056396148556,Not EU,414.85,16.84,28.34,GBR
892,United Kingdom,Europe,2015,11.166574965612112,Not EU,400.37,16.76,28.46,GBR
893,United Kingdom,Europe,2016,11.235228215767638,Not EU,378.89,16.02,28.28,GBR
894,United Kingdom,Europe,2017,11.450945205479435,Not EU,366.38,14.91,28.28,GBR
895,United Kingdom,Europe,2018,11.213439667128975,Not EU,358.8,13.79,28.29,GBR
