Country,Region,Year,AvgCelsiusTemp,State,CO2,F-Gas,N2O
Argentina,South/Central America & Carribean,1995,16.500712328767126,Not EU,113.81,1.22,36.72
Argentina,South/Central America & Carribean,1996,17.061120218579234,Not EU,126.56,1.67,37.02
Argentina,South/Central America & Carribean,1997,17.302136986301374,Not EU,127.32,2.11,37.41
Argentina,South/Central America & Carribean,1998,16.534055555555543,Not EU,133.17,2.53,37.04
Argentina,South/Central America & Carribean,1999,16.5754120879121,Not EU,134.19,2.95,37.32
Argentina,South/Central America & Carribean,2000,16.88676712328768,Not EU,131.91,3.36,39.45
Argentina,South/Central America & Carribean,2001,17.410769230769223,Not EU,124.87,3.71,39.31
Argentina,South/Central America & Carribean,2002,17.226000000000013,Not EU,117.47,4.05,39.89
Argentina,South/Central America & Carribean,2003,16.624435261708,Not EU,128.36,4.4,43.79
Argentina,South/Central America & Carribean,2004,17.01420765027321,Not EU,141.85,4.74,43.98
Argentina,South/Central America & Carribean,2005,16.839780821917813,Not EU,146.32,5.09,43.54
Argentina,South/Central America & Carribean,2006,17.0488493150685,Not EU,155.37,7.06,44.93
Argentina,South/Central America & Carribean,2007,16.289697802197804,Not EU,163.63,9.04,47.34
Argentina,South/Central America & Carribean,2008,17.420027472527476,Not EU,168.15,11.01,45.97
Argentina,South/Central America & Carribean,2009,17.23052197802197,Not EU,157.44,12.99,40.51
Argentina,South/Central America & Carribean,2010,17.225863013698625,Not EU,168.14,14.97,41.65
Argentina,South/Central America & Carribean,2011,17.352821917808217,Not EU,177.26,15.76,42.64
Argentina,South/Central America & Carribean,2012,17.624945355191247,Not EU,178.53,16.56,42.12
Argentina,South/Central America & Carribean,2013,17.15624657534248,Not EU,184.0,17.36,43.47
Argentina,South/Central America & Carribean,2014,17.56306849315068,Not EU,179.91,18.16,43.85
Argentina,South/Central America & Carribean,2015,17.680796703296696,Not EU,186.09,18.95,43.43
Argentina,South/Central America & Carribean,2016,16.77462809917357,Not EU,184.28,20.12,46.38
Argentina,South/Central America & Carribean,2017,17.85438356164385,Not EU,180.12,21.29,48.34
Argentina,South/Central America & Carribean,2018,17.48597222222221,Not EU,177.41,22.46,47.93
Australia,Australia/South Pacific,1995,16.389906849315064,Not EU,289.01,2.84,75.72
Australia,Australia/South Pacific,1996,16.253315098468278,Not EU,299.59,2.83,69.98
Australia,Australia/South Pacific,1997,16.751084931506874,Not EU,306.77,2.74,69.01
Australia,Australia/South Pacific,1998,16.778259818731115,Not EU,327.66,3.26,73.52
Australia,Australia/South Pacific,1999,16.92907142857143,Not EU,333.04,2.9,90.54
Australia,Australia/South Pacific,2000,16.80577049180328,Not EU,338.81,3.11,98.66
Australia,Australia/South Pacific,2001,16.793923076923054,Not EU,344.96,4.32,109.13
Australia,Australia/South Pacific,2002,17.050166666666673,Not EU,352.89,4.88,102.14
Australia,Australia/South Pacific,2003,16.879260893546604,Not EU,351.99,5.49,62.12
Australia,Australia/South Pacific,2004,16.954726775956313,Not EU,365.27,6.21,85.89
Australia,Australia/South Pacific,2005,17.062789041095904,Not EU,369.51,6.99,63.08
Australia,Australia/South Pacific,2006,17.041665753424653,Not EU,375.06,6.25,82.53
Australia,Australia/South Pacific,2007,17.36936813186813,Not EU,385.37,7.16,77.64
Australia,Australia/South Pacific,2008,16.74263070996145,Not EU,388.5,8.13,62.1
Australia,Australia/South Pacific,2009,17.446302197802193,Not EU,394.95,8.91,65.75
Australia,Australia/South Pacific,2010,17.06341917808216,Not EU,387.35,9.9,54.65
Australia,Australia/South Pacific,2011,16.966032876712326,Not EU,385.77,10.75,107.8
Australia,Australia/South Pacific,2012,16.80867213114752,Not EU,385.77,11.34,107.09
Australia,Australia/South Pacific,2013,17.43479692645447,Not EU,379.27,11.94,63.53
Australia,Australia/South Pacific,2014,17.491087912087888,Not EU,369.88,12.63,75.8
Australia,Australia/South Pacific,2015,17.257587912087892,Not EU,375.97,13.22,71.96
Australia,Australia/South Pacific,2016,17.448868653421652,Not EU,383.96,13.76,57.39
Australia,Australia/South Pacific,2017,17.475279605263193,Not EU,387.2,13.34,79.44
Australia,Australia/South Pacific,2018,17.368986149584458,Not EU,386.62,12.92,76.76
Austria,Europe,1995,10.139342465753428,EU,61.18,1.28,4.59
Austria,Europe,1996,8.709398907103827,EU,64.9,1.4,4.69
Austria,Europe,1997,9.823917808219178,EU,64.22,1.43,4.64
Austria,Europe,1998,10.743296398891966,EU,64.67,1.24,4.63
Austria,Europe,1999,10.530549450549454,EU,63.05,1.18,4.63
Austria,Europe,2000,11.532841530054634,EU,63.53,1.18,4.59
Austria,Europe,2001,10.457013698630146,EU,67.91,1.38,4.46
Austria,Europe,2002,11.0385595567867,EU,69.37,1.45,4.35
Austria,Europe,2003,10.830630136986294,EU,74.46,1.6,4.34
Austria,Europe,2004,10.334808743169395,EU,75.8,1.73,3.79
Austria,Europe,2005,10.167890410958908,EU,76.24,1.52,3.8
Austria,Europe,2006,10.686328767123285,EU,74.1,1.55,3.77
Austria,Europe,2007,11.671923076923084,EU,71.24,1.61,3.66
Austria,Europe,2008,11.439835616438366,EU,70.73,1.64,3.79
Austria,Europe,2009,10.98535714285714,EU,64.42,1.45,3.53
Austria,Europe,2010,9.583780821917808,EU,69.96,1.66,3.52
Austria,Europe,2011,10.711041095890414,EU,68.27,1.56,3.55
Austria,Europe,2012,11.061994535519123,EU,65.11,1.62,3.59
Austria,Europe,2013,10.792328767123292,EU,65.75,1.64,3.62
Austria,Europe,2014,11.86288461538461,EU,61.99,1.73,3.67
Austria,Europe,2015,11.929395604395605,EU,63.15,1.76,3.68
Austria,Europe,2016,11.171432506887058,EU,63.39,1.77,3.7
Austria,Europe,2017,11.30619178082192,EU,65.83,1.64,3.63
Austria,Europe,2018,12.104696132596677,EU,63.18,1.51,3.62
Belgium,Europe,1995,10.944876712328766,EU,114.57,0.53,8.9
Belgium,Europe,1996,8.995765027322404,EU,119.45,0.63,9.41
Belgium,Europe,1997,10.629041095890408,EU,116.64,0.75,9.1
Belgium,Europe,1998,10.721301939058165,EU,119.41,0.91,9.19
Belgium,Europe,1999,11.18118131868132,EU,115.51,0.97,9.12
Belgium,Europe,2000,11.286420765027326,EU,117.28,1.16,7.76
Belgium,Europe,2001,10.881917808219178,EU,118.34,1.25,7.5
Belgium,Europe,2002,11.296232686980616,EU,110.85,1.48,8.01
Belgium,Europe,2003,11.290739726027397,EU,115.5,1.65,7.24
Belgium,Europe,2004,10.905136612021856,EU,114.02,1.74,7.33
Belgium,Europe,2005,11.189068493150685,EU,110.61,1.8,7.09
Belgium,Europe,2006,11.142136986301367,EU,108.65,1.92,6.09
Belgium,Europe,2007,11.191538461538464,EU,104.59,2.14,5.49
Belgium,Europe,2008,10.594289617486334,EU,106.93,2.27,5.54
Belgium,Europe,2009,10.700494505494515,EU,99.67,2.46,5.63
Belgium,Europe,2010,9.353013698630136,EU,106.47,2.59,6.13
Belgium,Europe,2011,11.375369863013693,EU,95.57,2.73,4.88
Belgium,Europe,2012,10.420928961748631,EU,94.96,2.86,4.93
Belgium,Europe,2013,9.919808219178085,EU,96.61,2.86,4.77
Belgium,Europe,2014,11.73678571428571,EU,90.16,3.01,4.74
Belgium,Europe,2015,11.070302197802196,EU,95.2,2.99,4.79
Belgium,Europe,2016,10.867348066298344,EU,94.32,3.09,4.49
Belgium,Europe,2017,11.184876712328764,EU,92.77,2.86,4.44
Belgium,Europe,2018,11.698421052631586,EU,93.47,2.62,4.46
Brazil,South/Central America & Carribean,1995,22.12045662100457,Not EU,241.5,4.71,119.98
Brazil,South/Central America & Carribean,1996,21.858479052823277,Not EU,262.9,4.15,113.5
Brazil,South/Central America & Carribean,1997,21.9748688046647,Not EU,281.51,3.83,116.69
Brazil,South/Central America & Carribean,1998,22.613027806385144,Not EU,290.76,3.25,123.9
Brazil,South/Central America & Carribean,1999,21.880193370165742,Not EU,300.62,4.3,124.22
Brazil,South/Central America & Carribean,2000,22.31708675799084,Not EU,312.67,3.04,124.41
Brazil,South/Central America & Carribean,2001,22.684642857142855,Not EU,319.56,3.14,130.21
Brazil,South/Central America & Carribean,2002,22.79597209302327,Not EU,317.28,3.71,140.6
Brazil,South/Central America & Carribean,2003,22.132176308539915,Not EU,309.35,4.13,146.21
Brazil,South/Central America & Carribean,2004,21.942003642987274,Not EU,326.76,4.44,156.77
Brazil,South/Central America & Carribean,2005,21.928091324200913,Not EU,330.51,4.85,156.25
Brazil,South/Central America & Carribean,2006,21.63921461187217,Not EU,333.98,5.62,154.46
Brazil,South/Central America & Carribean,2007,21.80777472527472,Not EU,351.52,6.41,160.01
Brazil,South/Central America & Carribean,2008,21.311230486685055,Not EU,372.16,7.14,153.67
Brazil,South/Central America & Carribean,2009,21.92695054945056,Not EU,350.83,7.32,150.36
Brazil,South/Central America & Carribean,2010,22.444255707762554,Not EU,397.73,8.0,167.39
Brazil,South/Central America & Carribean,2011,21.744575342465772,Not EU,417.12,8.04,166.85
Brazil,South/Central America & Carribean,2012,22.31923497267759,Not EU,451.76,8.09,167.66
Brazil,South/Central America & Carribean,2013,22.26091324200913,Not EU,482.86,8.13,167.97
Brazil,South/Central America & Carribean,2014,22.946253443526196,Not EU,506.78,8.18,174.59
Brazil,South/Central America & Carribean,2015,22.615732600732613,Not EU,479.97,8.22,172.22
Brazil,South/Central America & Carribean,2016,22.36700736648251,Not EU,441.91,8.63,176.35
Brazil,South/Central America & Carribean,2017,22.30964383561647,Not EU,449.84,9.03,184.38
Brazil,South/Central America & Carribean,2018,22.025605920444054,Not EU,427.71,9.44,179.2
Bulgaria,Europe,1995,9.683150684931503,EU,54.69,0.01,4.38
Bulgaria,Europe,1997,9.322109589041094,EU,53.37,0.02,4.19
Bulgaria,Europe,1998,10.409584487534627,EU,50.59,0.02,3.6
Bulgaria,Europe,1999,10.561291208791202,EU,44.3,0.03,3.36
Bulgaria,Europe,2000,10.959918032786886,EU,43.33,0.05,3.76
Bulgaria,Europe,2001,10.402219178082197,EU,46.18,0.06,3.96
Bulgaria,Europe,2002,10.241218836565096,EU,43.63,0.07,4.38
Bulgaria,Europe,2003,10.095561643835621,EU,47.89,0.1,4.48
Bulgaria,Europe,2004,10.300109289617486,EU,47.18,0.13,4.37
Bulgaria,Europe,2005,9.522054794520548,EU,47.88,0.21,3.99
Bulgaria,Europe,2006,10.232328767123294,EU,48.97,0.31,3.26
Bulgaria,Europe,2007,11.968681318681321,EU,52.62,0.4,3.62
Bulgaria,Europe,2008,11.88635616438355,EU,50.03,0.64,3.8
Bulgaria,Europe,2009,11.47516483516485,EU,42.97,0.66,3.79
Bulgaria,Europe,2010,11.58936986301369,EU,44.85,0.69,3.71
Bulgaria,Europe,2011,10.808712328767122,EU,49.67,0.78,4.36
Bulgaria,Europe,2012,11.77953551912569,EU,45.12,0.85,3.43
Bulgaria,Europe,2013,11.935945205479454,EU,39.82,1.0,3.76
Bulgaria,Europe,2014,11.742307692307707,EU,42.23,1.13,3.83
Bulgaria,Europe,2015,11.872087912087906,EU,44.69,1.25,4.0
Bulgaria,Europe,2016,11.873756906077354,EU,41.74,1.43,4.01
Bulgaria,Europe,2017,11.474410958904116,EU,44.04,1.33,4.05
Bulgaria,Europe,2018,11.690387811634357,EU,41.13,1.24,4.05
Canada,North America,1995,5.556791780821919,Not EU,449.5,9.02,45.95
Canada,North America,1996,4.541683060109284,Not EU,463.16,9.02,48.58
Canada,North America,1997,5.552515068493158,Not EU,478.53,9.27,46.6
Canada,North America,1998,7.367759002770096,Not EU,486.76,10.4,43.64
Canada,North America,1999,6.9934038461538695,Not EU,495.14,9.89,40.81
Canada,North America,2000,5.640980016424861,Not EU,515.0,10.6,39.25
Canada,North America,2001,6.809939726027389,Not EU,506.94,9.72,38.91
Canada,North America,2002,5.764725761772845,Not EU,525.47,10.01,40.16
Canada,North America,2003,5.722003288572199,Not EU,545.36,10.05,40.79
Canada,North America,2004,5.666415300546442,Not EU,537.25,10.41,42.47
Canada,North America,2005,6.633837209302316,Not EU,549.97,10.33,43.25
Canada,North America,2006,7.1047616438356025,Not EU,541.07,9.86,38.62
Canada,North America,2007,6.0279631665750255,Not EU,571.31,9.28,42.43
Canada,North America,2008,5.6956845320744405,Not EU,550.2,9.32,42.33
Canada,North America,2009,5.432203902170927,Not EU,520.8,9.67,38.8
Canada,North America,2010,6.886675191815871,Not EU,535.03,9.99,38.97
Canada,North America,2011,6.273478791577661,Not EU,547.72,10.59,41.33
Canada,North America,2012,6.8978347057029525,Not EU,547.14,11.28,43.25
Canada,North America,2013,5.552112633181136,Not EU,556.35,11.47,42.6
Canada,North America,2014,2.1622590068159675,Not EU,561.83,11.52,41.84
Canada,North America,2015,3.619779951100245,Not EU,558.8,12.42,41.86
Canada,North America,2016,5.155532503457816,Not EU,550.48,13.23,40.99
Canada,North America,2017,4.420686813186812,Not EU,562.26,13.33,41.4
Canada,North America,2018,3.718902777777776,Not EU,574.4,13.42,43.12
China,Asia,1995,15.429145205479449,Not EU,3084.87,12.57,370.95
China,Asia,1996,15.04937704918032,Not EU,3064.88,17.59,396.54
China,Asia,1997,15.864307948860466,Not EU,3128.65,22.61,368.67
China,Asia,1998,16.555848115299344,Not EU,3232.12,27.62,377.47
China,Asia,1999,15.972549450549424,Not EU,3149.2,32.64,393.76
China,Asia,2000,15.647326407873159,Not EU,3344.09,37.66,386.08
China,Asia,2001,15.726169863013691,Not EU,3526.75,52.05,388.46
China,Asia,2002,15.951219512195092,Not EU,3808.33,66.44,406.21
China,Asia,2003,15.917613823368079,Not EU,4413.3,80.82,407.63
China,Asia,2004,16.07320765027321,Not EU,5121.83,95.21,420.33
China,Asia,2005,15.678142465753414,Not EU,5819.12,109.6,428.09
China,Asia,2006,16.208657534246576,Not EU,6431.91,124.21,439.85
China,Asia,2007,16.50996147495869,Not EU,6988.21,138.82,448.44
China,Asia,2008,15.730983516483528,Not EU,7195.01,153.43,464.1
China,Asia,2009,15.869070918086832,Not EU,7715.11,168.04,475.6
China,Asia,2010,15.370739726027411,Not EU,8470.57,182.65,486.77
China,Asia,2011,15.51826849315069,Not EU,9278.25,197.1,493.0
China,Asia,2012,15.324311475409852,Not EU,9533.21,211.54,503.97
China,Asia,2013,15.979484931506862,Not EU,9936.68,223.84,515.99
China,Asia,2014,16.347526113249035,Not EU,9894.94,236.14,528.02
China,Asia,2015,16.49382417582417,Not EU,9830.43,248.43,542.9
China,Asia,2016,16.440281923714743,Not EU,9814.31,253.74,546.99
China,Asia,2017,16.676158904109613,Not EU,10017.77,259.05,542.1
China,Asia,2018,16.517807991121018,Not EU,10313.46,264.36,538.79
Croatia,Europe,1996,11.210510510510513,EU,0.0,0.0,0.0
Croatia,Europe,1997,11.011888888888887,EU,0.0,0.0,0.0
Croatia,Europe,1998,11.305589887640453,EU,0.0,0.0,0.0
Croatia,Europe,1999,12.032011019283742,EU,0.0,0.0,0.0
Croatia,Europe,2000,13.252362637362657,EU,0.0,0.0,0.0
Croatia,Europe,2001,12.31210958904111,EU,0.0,0.0,0.0
Croatia,Europe,2002,12.641611111111123,EU,0.0,0.0,0.0
Croatia,Europe,2003,12.47734246575343,EU,0.0,0.0,0.0
Croatia,Europe,2004,11.69284153005464,EU,0.0,0.0,0.0
Croatia,Europe,2005,11.243369863013696,EU,0.0,0.0,0.0
Croatia,Europe,2006,12.345068493150688,EU,0.0,0.0,0.0
Croatia,Europe,2007,13.212829131652665,EU,0.0,0.0,0.0
Croatia,Europe,2008,12.900631868131883,EU,0.0,0.0,0.0
Croatia,Europe,2009,12.914752747252745,EU,0.0,0.0,0.0
Croatia,Europe,2010,11.787041095890409,EU,0.0,0.0,0.0
Croatia,Europe,2011,12.626328767123281,EU,0.0,0.0,0.0
Croatia,Europe,2012,13.090765027322403,EU,0.0,0.0,0.0
Croatia,Europe,2013,12.427616438356166,EU,0.0,0.0,0.0
Croatia,Europe,2014,13.456181318681317,EU,0.0,0.0,0.0
Croatia,Europe,2015,13.16945054945055,EU,0.0,0.0,0.0
Croatia,Europe,2016,12.684626038781158,EU,0.0,0.0,0.0
Croatia,Europe,2017,13.095643835616423,EU,0.0,0.0,0.0
Croatia,Europe,2018,13.6073537604457,EU,0.0,0.0,0.0
Cyprus,Europe,1995,18.329962121212127,EU,5.8,0.0,0.37
Cyprus,Europe,1996,20.941939799331095,EU,6.16,0.0,0.39
Cyprus,Europe,1997,17.458043478260862,EU,6.25,0.01,0.37
Cyprus,Europe,1998,21.842703703703698,EU,6.55,0.01,0.38
Cyprus,Europe,1999,18.776776315789466,EU,6.81,0.02,0.38
Cyprus,Europe,2000,22.670143884892074,EU,7.07,0.03,0.37
Cyprus,Europe,2001,19.983068493150686,EU,6.93,0.04,0.39
Cyprus,Europe,2002,19.669534050179216,EU,7.11,0.05,0.41
Cyprus,Europe,2003,14.512142857142857,EU,7.77,0.06,0.41
Cyprus,Europe,2004,22.751829787234062,EU,7.71,0.08,0.4
Cyprus,Europe,2005,19.127479452054796,EU,7.87,0.09,0.37
Cyprus,Europe,2006,19.07134246575343,EU,7.94,0.13,0.38
Cyprus,Europe,2007,19.5454189944134,EU,8.24,0.15,0.38
Cyprus,Europe,2008,20.031095890410963,EU,8.4,0.18,0.37
Cyprus,Europe,2009,20.57082031249999,EU,8.18,0.2,0.39
Cyprus,Europe,2010,32.28,EU,7.82,0.23,0.4
Czech Republic,Europe,1995,8.20375342465754,EU,0.0,0.0,0.0
Czech Republic,Europe,1996,6.39133879781421,EU,0.0,0.0,0.0
Czech Republic,Europe,1997,7.90915068493151,EU,0.0,0.0,0.0
Czech Republic,Europe,1998,8.76653739612188,EU,0.0,0.0,0.0
Czech Republic,Europe,1999,8.850631868131869,EU,0.0,0.0,0.0
Czech Republic,Europe,2000,9.490027322404373,EU,0.0,0.0,0.0
Czech Republic,Europe,2001,8.31698630136987,EU,0.0,0.0,0.0
Czech Republic,Europe,2002,9.022216066481993,EU,0.0,0.0,0.0
Czech Republic,Europe,2003,8.951232876712329,EU,0.0,0.0,0.0
Czech Republic,Europe,2004,8.538825136612019,EU,0.0,0.0,0.0
Czech Republic,Europe,2005,8.530082191780822,EU,0.0,0.0,0.0
Czech Republic,Europe,2006,9.07515068493151,EU,0.0,0.0,0.0
Czech Republic,Europe,2007,9.894148351648353,EU,0.0,0.0,0.0
Czech Republic,Europe,2008,9.369560439560441,EU,0.0,0.0,0.0
Czech Republic,Europe,2009,9.141208791208792,EU,0.0,0.0,0.0
Czech Republic,Europe,2010,7.770054794520546,EU,0.0,0.0,0.0
Czech Republic,Europe,2011,9.258849315068494,EU,0.0,0.0,0.0
Czech Republic,Europe,2012,9.067923497267762,EU,0.0,0.0,0.0
Czech Republic,Europe,2013,8.32999999999999,EU,0.0,0.0,0.0
Czech Republic,Europe,2014,9.958873626373627,EU,0.0,0.0,0.0
Czech Republic,Europe,2015,10.201730769230762,EU,0.0,0.0,0.0
Czech Republic,Europe,2016,9.476215469613257,EU,0.0,0.0,0.0
Czech Republic,Europe,2017,9.31358904109589,EU,0.0,0.0,0.0
Czech Republic,Europe,2018,10.559667590027704,EU,0.0,0.0,0.0
Denmark,Europe,1995,7.911671232876712,EU,59.92,0.28,6.54
Denmark,Europe,1996,6.3629508196721325,EU,73.3,0.39,6.48
Denmark,Europe,1997,8.377260273972604,EU,63.72,0.4,6.49
Denmark,Europe,1998,8.152576177285319,EU,59.74,0.5,6.32
Denmark,Europe,1999,8.709285714285711,EU,56.96,0.62,6.37
Denmark,Europe,2000,9.063770491803288,EU,52.71,0.74,6.37
Denmark,Europe,2001,8.153534246575337,EU,53.85,0.78,6.19
Denmark,Europe,2002,8.874210526315787,EU,53.98,0.82,6.01
Denmark,Europe,2003,8.39534246575343,EU,59.34,0.86,6.13
Denmark,Europe,2004,8.37062841530055,EU,53.89,0.93,5.42
Denmark,Europe,2005,8.397780821917808,EU,50.27,0.99,5.31
Denmark,Europe,2006,9.014986301369865,EU,58.21,1.01,5.23
Denmark,Europe,2007,9.218379120879124,EU,53.4,1.04,5.2
Denmark,Europe,2008,9.116174863387979,EU,50.12,1.05,5.22
Denmark,Europe,2009,8.61870879120879,EU,47.89,1.0,4.92
Denmark,Europe,2010,6.881369863013701,EU,48.18,1.0,4.84
Denmark,Europe,2011,8.745808219178079,EU,43.09,0.94,4.81
Denmark,Europe,2012,8.219562841530054,EU,38.21,0.87,4.85
Denmark,Europe,2013,8.278493150684938,EU,39.98,0.85,4.76
Denmark,Europe,2014,9.934368131868128,EU,35.76,0.78,4.94
Denmark,Europe,2015,9.097060439560442,EU,33.6,0.72,5.1
Denmark,Europe,2016,8.93773480662983,EU,35.38,0.71,5.08
Denmark,Europe,2017,8.863589041095889,EU,33.33,0.66,5.08
Denmark,Europe,2018,9.700055401662045,EU,33.38,0.61,4.74
Finland,Europe,1995,5.689972602739733,EU,56.09,0.17,5.96
Finland,Europe,1996,4.470300546448087,EU,62.57,0.25,5.97
Finland,Europe,1997,5.597315068493152,EU,60.62,0.35,6.0
Finland,Europe,1998,5.139279778393352,EU,57.27,0.45,5.84
Finland,Europe,1999,6.2658791208791165,EU,56.51,0.55,5.84
Finland,Europe,2000,6.964644808743173,EU,55.1,0.71,5.88
Finland,Europe,2001,5.562109589041097,EU,61.09,0.77,5.8
Finland,Europe,2002,5.739252077562322,EU,63.44,0.85,5.98
Finland,Europe,2003,5.216136986301368,EU,71.71,0.92,5.98
Finland,Europe,2004,5.394672131147539,EU,67.68,1.01,6.12
Finland,Europe,2005,5.935315068493152,EU,55.46,1.1,6.33
Finland,Europe,2006,6.216575342465752,EU,67.02,1.17,5.98
Finland,Europe,2007,6.432390109890111,EU,65.1,1.23,6.17
Finland,Europe,2008,7.01289617486339,EU,56.66,1.35,6.49
Finland,Europe,2009,5.580796703296704,EU,54.18,1.39,5.37
Finland,Europe,2010,4.505780821917807,EU,62.53,1.41,5.03
Finland,Europe,2011,6.784328767123293,EU,55.12,1.42,4.57
Finland,Europe,2012,5.28180327868852,EU,49.41,1.46,4.58
Finland,Europe,2013,6.466493150684934,EU,50.19,1.47,4.65
Finland,Europe,2014,6.72442307692307,EU,46.16,1.47,4.7
Finland,Europe,2015,7.1780769230769215,EU,42.82,1.45,4.68
Finland,Europe,2016,6.05765193370166,EU,45.71,1.43,4.65
Finland,Europe,2017,6.009506849315066,EU,43.01,1.33,4.65
Finland,Europe,2018,6.674238227146816,EU,44.36,1.23,4.67
France,Europe,1995,13.559752066115708,EU,352.28,5.9,61.81
France,Europe,1996,12.401942544459631,EU,367.96,7.18,64.46
France,Europe,1997,13.819301369863034,EU,359.14,8.12,64.02
France,Europe,1998,13.040879888268147,EU,381.18,9.08,57.05
France,Europe,1999,13.387390109890118,EU,375.0,10.7,51.49
France,Europe,2000,13.202322404371566,EU,373.24,10.72,49.25
France,Europe,2001,12.89569863013699,EU,376.86,11.24,50.15
France,Europe,2002,13.201980609418273,EU,371.17,13.81,47.83
France,Europe,2003,13.550479452054788,EU,376.84,14.58,47.75
France,Europe,2004,12.740000000000018,EU,377.95,15.01,45.28
France,Europe,2005,12.813401920438954,EU,380.82,15.31,43.99
France,Europe,2006,13.280602739726037,EU,371.6,16.07,43.15
France,Europe,2007,12.84924450549451,EU,362.91,16.78,44.03
France,Europe,2008,12.527325102880653,EU,358.21,17.3,42.1
France,Europe,2009,12.909546703296698,EU,343.88,17.16,39.66
France,Europe,2010,11.888506849315075,EU,347.94,18.23,38.62
France,Europe,2011,13.709260273972603,EU,333.53,19.32,36.66
France,Europe,2012,12.670901639344278,EU,336.33,19.64,37.24
France,Europe,2013,12.34379972565156,EU,336.63,19.59,38.31
France,Europe,2014,13.045892857142842,EU,304.53,19.45,38.3
France,Europe,2015,13.154574175824182,EU,310.52,19.66,38.91
France,Europe,2016,12.779296551724137,EU,312.71,19.83,37.55
France,Europe,2017,13.11813698630135,EU,316.36,18.42,38.47
France,Europe,2018,13.3218617771509,EU,309.96,17.01,38.03
Germany,Europe,1995,10.402098901098901,EU,873.09,7.82,62.92
Germany,Europe,1996,8.449676616915418,EU,902.75,8.26,64.01
Germany,Europe,1997,9.540566750629726,EU,870.9,8.31,61.41
Germany,Europe,1998,10.270863309352503,EU,863.14,8.85,48.49
Germany,Europe,1999,10.556302616609775,EU,833.35,8.37,44.96
Germany,Europe,2000,11.165399768250289,EU,830.08,8.4,43.24
Germany,Europe,2001,9.75784577723377,EU,847.5,9.77,44.94
Germany,Europe,2002,10.677068126520682,EU,833.18,10.41,44.47
Germany,Europe,2003,9.225746666666659,EU,836.55,10.62,44.22
Germany,Europe,2004,10.291315136476433,EU,820.83,11.18,45.57
Germany,Europe,2005,10.113260073260065,EU,802.17,11.27,43.62
Germany,Europe,2006,9.539375886524814,EU,814.16,11.33,41.99
Germany,Europe,2007,10.509578606158838,EU,783.6,11.4,45.81
Germany,Europe,2008,10.437056074766351,EU,789.55,11.08,43.66
Germany,Europe,2009,10.141159196290571,EU,734.66,11.19,43.88
Germany,Europe,2010,8.77297529538131,EU,772.92,11.47,36.99
Germany,Europe,2011,10.469533333333324,EU,746.38,11.82,35.65
Germany,Europe,2012,9.206393442622952,EU,760.02,11.89,35.54
Germany,Europe,2013,8.620986301369857,EU,777.63,11.87,36.12
Germany,Europe,2014,10.062747252747245,EU,737.49,11.99,37.02
Germany,Europe,2015,9.955302197802192,EU,742.31,12.1,36.24
Germany,Europe,2016,9.503259668508287,EU,747.15,11.9,35.6
Germany,Europe,2017,9.329643835616446,EU,732.2,11.09,34.58
Germany,Europe,2018,10.811623188405793,EU,709.54,10.28,32.9
Greece,Europe,1995,18.304027397260263,EU,82.84,4.22,6.82
Greece,Europe,1996,18.078661202185803,EU,82.76,4.88,7.12
Greece,Europe,1997,17.742082191780813,EU,83.76,5.29,6.85
Greece,Europe,1998,18.612348066298352,EU,87.13,5.92,6.7
Greece,Europe,1999,19.287115384615387,EU,87.4,6.82,6.72
Greece,Europe,2000,18.77877049180329,EU,94.46,5.37,6.64
Greece,Europe,2001,18.966739726027395,EU,96.61,4.85,6.39
Greece,Europe,2002,18.441717451523537,EU,96.6,5.16,6.45
Greece,Europe,2003,18.288246575342445,EU,100.22,4.8,6.49
Greece,Europe,2004,18.14147540983606,EU,99.85,4.99,6.09
Greece,Europe,2005,17.929753424657527,EU,101.95,5.14,5.95
Greece,Europe,2006,17.872975206611567,EU,100.7,4.96,5.67
Greece,Europe,2007,18.75900277008312,EU,104.31,4.95,5.47
Greece,Europe,2008,18.832939560439577,EU,100.41,4.88,5.66
Greece,Europe,2009,18.748787878787883,EU,94.74,4.56,5.07
Greece,Europe,2010,19.51599999999999,EU,87.58,4.46,5.42
Greece,Europe,2011,19.01210958904109,EU,84.55,4.74,5.95
Greece,Europe,2012,15.64528301886793,EU,80.09,5.16,4.99
Hungary,Europe,1995,10.151753424657533,EU,57.43,0.3,6.1
Hungary,Europe,1996,9.233005464480877,EU,58.46,0.3,7.14
Hungary,Europe,1997,10.214273972602731,EU,56.99,0.32,7.02
Hungary,Europe,1998,10.853314917127074,EU,57.35,0.43,6.63
Hungary,Europe,1999,10.360192307692303,EU,57.91,0.61,6.55
Hungary,Europe,2000,11.737295081967211,EU,54.63,0.57,6.9
Hungary,Europe,2001,10.799972602739734,EU,56.3,0.64,7.42
Hungary,Europe,2002,11.553407202216068,EU,55.63,0.72,6.3
Hungary,Europe,2003,10.96447802197802,EU,58.23,0.86,6.23
Hungary,Europe,2004,9.276065573770493,EU,56.39,1.04,7.17
Hungary,Europe,2005,9.084328767123285,EU,55.96,1.15,6.82
Hungary,Europe,2006,10.017479452054797,EU,55.46,1.24,6.59
Hungary,Europe,2007,11.8257967032967,EU,53.86,1.31,6.05
Hungary,Europe,2008,11.466821917808225,EU,53.03,1.4,5.52
Hungary,Europe,2009,11.388543956043963,EU,47.84,1.28,4.99
Hungary,Europe,2010,10.055397260273974,EU,47.88,1.39,4.86
Hungary,Europe,2011,10.853561643835615,EU,46.91,1.5,5.16
Hungary,Europe,2012,11.42306010928961,EU,43.43,1.36,5.04
Hungary,Europe,2013,11.276328767123289,EU,40.76,1.46,5.45
Hungary,Europe,2014,12.051098901098902,EU,40.63,2.22,5.27
Hungary,Europe,2015,12.00115384615384,EU,43.38,2.48,5.26
Hungary,Europe,2016,11.230441988950272,EU,44.48,1.86,5.42
Hungary,Europe,2017,11.233999999999996,EU,46.55,1.74,5.45
Hungary,Europe,2018,12.242991689750701,EU,46.39,1.62,5.79
India,Asia,1995,26.655099793530617,Not EU,741.1,3.36,161.44
India,Asia,1996,26.578518518518525,Not EU,776.72,4.2,167.4
India,Asia,1997,26.43839726027393,Not EU,821.48,5.04,173.75
India,Asia,1998,26.97095766828584,Not EU,839.83,5.89,178.87
India,Asia,1999,26.91021320495182,Not EU,904.09,6.73,182.97
India,Asia,2000,26.78275154004104,Not EU,940.17,7.57,180.77
India,Asia,2001,26.574482522275517,Not EU,953.88,7.75,185.0
India,Asia,2002,27.043435114503815,Not EU,987.53,7.92,179.1
India,Asia,2003,26.745921864290565,Not EU,1015.89,8.1,186.41
India,Asia,2004,26.780218579234923,Not EU,1087.19,8.27,192.8
India,Asia,2005,26.620753424657536,Not EU,1137.74,8.45,202.26
India,Asia,2006,26.947479452054793,Not EU,1214.25,9.06,211.62
India,Asia,2007,26.745279889426367,Not EU,1336.1,9.67,220.49
India,Asia,2008,26.624471879286727,Not EU,1423.88,10.28,224.73
India,Asia,2009,27.43197938144326,Not EU,1568.53,10.89,229.1
India,Asia,2010,27.25117445054944,Not EU,1665.31,11.5,237.17
India,Asia,2011,26.8166872852234,Not EU,1760.8,12.28,244.53
India,Asia,2012,27.037404371584675,Not EU,1908.57,13.06,241.95
India,Asia,2013,26.77740918437287,Not EU,1966.81,13.84,241.81
India,Asia,2014,27.07754120879121,Not EU,2136.87,14.62,243.62
India,Asia,2015,27.466311813186806,Not EU,2150.22,15.4,246.03
India,Asia,2016,27.88644184445969,Not EU,2183.28,16.99,245.15
India,Asia,2017,27.627688614540446,Not EU,2301.44,18.57,248.3
India,Asia,2018,27.541936376210195,Not EU,2434.52,20.16,253.79
Indonesia,Asia,1995,27.952315436241594,Not EU,222.84,0.57,64.29
Indonesia,Asia,1996,27.717037037037027,Not EU,234.48,0.58,66.49
Indonesia,Asia,1997,28.103037037037033,Not EU,257.67,0.59,64.19
Indonesia,Asia,1998,28.389479999999995,Not EU,261.14,0.6,65.51
Indonesia,Asia,1999,28.042091836734688,Not EU,278.99,0.62,64.04
Indonesia,Asia,2000,28.348615384615382,Not EU,280.17,0.63,65.6
Indonesia,Asia,2001,28.18375,Not EU,301.83,0.78,65.89
Indonesia,Asia,2002,29.70380952380952,Not EU,306.06,0.93,68.31
Indonesia,Asia,2003,29.139000000000003,Not EU,335.37,1.08,68.84
Indonesia,Asia,2004,29.324854368932044,Not EU,343.16,1.24,70.83
Indonesia,Asia,2005,28.933469387755103,Not EU,344.4,1.39,71.89
Indonesia,Asia,2006,29.17852713178295,Not EU,364.1,1.59,73.79
Indonesia,Asia,2007,28.477267441860498,Not EU,379.98,1.79,75.47
Indonesia,Asia,2008,28.411589595375744,Not EU,377.18,1.99,77.94
Indonesia,Asia,2009,28.653074712643665,Not EU,394.49,2.19,81.48
Indonesia,Asia,2010,28.49008287292817,Not EU,416.94,2.39,81.45
Indonesia,Asia,2011,28.645796703296682,Not EU,480.46,2.44,84.31
Indonesia,Asia,2012,28.703636363636345,Not EU,486.75,2.49,86.52
Indonesia,Asia,2013,28.438016528925626,Not EU,454.32,2.53,85.01
Indonesia,Asia,2014,28.593278236914603,Not EU,490.05,2.58,88.35
Indonesia,Asia,2015,28.533195592286493,Not EU,490.84,2.63,89.07
Indonesia,Asia,2016,28.65653739612189,Not EU,494.98,2.84,91.09
Indonesia,Asia,2017,28.603214285714284,Not EU,532.92,3.06,92.5
Indonesia,Asia,2018,28.650306406685235,Not EU,583.11,3.27,95.69
Ireland,Europe,1995,9.983342465753427,EU,33.52,0.27,10.52
Ireland,Europe,1996,9.004699453551908,EU,34.98,0.39,10.44
Ireland,Europe,1997,10.049534246575348,EU,36.15,0.57,10.59
Ireland,Europe,1998,9.927423822714683,EU,38.67,0.53,11.08
Ireland,Europe,1999,9.899587912087906,EU,40.28,0.68,10.81
Ireland,Europe,2000,9.412404371584703,EU,42.62,0.94,10.71
Ireland,Europe,2001,9.3814794520548,EU,44.91,1.04,10.47
Ireland,Europe,2002,9.976177285318567,EU,44.04,0.97,10.78
Ireland,Europe,2003,9.983561643835616,EU,44.22,1.11,10.18
Ireland,Europe,2004,9.934562841530056,EU,44.86,0.99,9.84
Ireland,Europe,2005,10.137123287671228,EU,46.78,1.01,9.59
Ireland,Europe,2006,10.271506849315067,EU,47.81,1.17,9.41
Ireland,Europe,2007,10.254490358126715,EU,47.02,1.17,9.23
Ireland,Europe,2008,9.543589041095888,EU,46.35,1.06,9.19
Ireland,Europe,2009,9.622362637362633,EU,41.02,1.05,9.44
Ireland,Europe,2010,8.484575342465764,EU,40.63,1.02,8.99
Ireland,Europe,2011,10.066027397260275,EU,36.36,1.02,8.87
Ireland,Europe,2012,9.447076502732243,EU,37.1,0.99,9.37
Ireland,Europe,2013,9.557726027397264,EU,35.72,1.12,9.3
Ireland,Europe,2014,10.137967032967037,EU,35.55,1.18,9.23
Ireland,Europe,2015,9.567390109890107,EU,36.99,1.14,9.36
Ireland,Europe,2016,9.885883977900548,EU,38.71,1.26,9.42
Ireland,Europe,2017,10.11610958904109,EU,37.53,1.18,9.76
Ireland,Europe,2018,9.953839779005524,EU,37.11,1.1,10.06
Italy,Europe,1995,13.427472527472549,EU,416.42,1.78,27.96
Italy,Europe,1996,13.239603825136621,EU,412.15,1.49,28.23
Italy,Europe,1997,14.21408219178082,EU,415.52,1.86,27.9
Italy,Europe,1998,14.118573407202234,EU,426.37,2.3,28.33
Italy,Europe,1999,14.338008241758251,EU,433.01,2.81,28.56
Italy,Europe,2000,14.46543091655266,EU,436.3,3.48,28.85
Italy,Europe,2001,14.208465753424658,EU,436.57,4.48,27.71
Italy,Europe,2002,14.08073407202215,EU,443.47,5.29,28.18
Italy,Europe,2003,14.64387671232878,EU,462.2,6.03,27.82
Italy,Europe,2004,13.787486338797807,EU,472.41,6.93,29.0
Italy,Europe,2005,13.46090410958903,EU,473.83,7.93,27.92
Italy,Europe,2006,14.020684931506853,EU,466.65,8.78,22.92
Italy,Europe,2007,14.297898351648353,EU,459.37,9.73,22.5
Italy,Europe,2008,14.33085164835166,EU,444.98,10.51,21.03
Italy,Europe,2009,14.505013736263745,EU,397.06,11.31,19.49
Italy,Europe,2010,13.764027397260264,EU,405.27,12.01,18.91
Italy,Europe,2011,14.60083561643836,EU,396.69,12.93,17.9
Italy,Europe,2012,14.479562841530043,EU,376.75,13.51,18.52
Italy,Europe,2013,14.276082191780798,EU,346.45,14.15,18.38
Italy,Europe,2014,15.05575549450548,EU,327.49,14.81,17.84
Italy,Europe,2015,14.810329670329658,EU,337.86,15.21,18.08
Italy,Europe,2016,14.97112947658403,EU,333.34,15.38,18.06
Italy,Europe,2017,14.93387671232877,EU,329.19,14.28,17.96
Italy,Europe,2018,15.560554016620493,EU,324.85,13.17,17.9
Japan,Asia,1995,13.068648401826492,Not EU,1172.79,40.12,29.65
Japan,Asia,1996,12.468105646630235,Not EU,1186.23,41.26,30.68
Japan,Asia,1997,13.299543378995432,Not EU,1173.99,41.44,31.35
Japan,Asia,1998,13.624051565377547,Not EU,1131.25,40.12,29.75
Japan,Asia,1999,13.65911172161173,Not EU,1165.89,37.88,23.53
Japan,Asia,2000,13.267094717668469,Not EU,1182.95,35.14,26.09
Japan,Asia,2001,12.718557077625569,Not EU,1170.62,29.12,22.82
Japan,Asia,2002,13.218734995383192,Not EU,1206.97,25.59,22.49
Japan,Asia,2003,12.888666666666687,Not EU,1215.78,25.25,22.28
Japan,Asia,2004,13.981912568306031,Not EU,1211.09,21.65,22.56
Japan,Asia,2005,13.050986301369875,Not EU,1213.82,20.76,22.12
Japan,Asia,2006,13.462739726027404,Not EU,1190.26,22.95,21.96
Japan,Asia,2007,14.083287545787558,Not EU,1226.36,24.31,20.93
Japan,Asia,2008,13.712680695333956,Not EU,1159.62,25.16,20.67
Japan,Asia,2009,13.834853479853487,Not EU,1101.21,24.9,20.21
Japan,Asia,2010,14.133872146118716,Not EU,1156.08,27.64,19.6
Japan,Asia,2011,13.664730593607306,Not EU,1212.17,30.04,18.8
Japan,Asia,2012,13.417295081967215,Not EU,1252.22,33.22,18.16
Japan,Asia,2013,13.935077625570779,Not EU,1260.9,35.86,18.73
Japan,Asia,2014,13.664120879120876,Not EU,1219.82,39.79,18.79
Japan,Asia,2015,14.339670329670339,Not EU,1181.5,43.46,18.22
Japan,Asia,2016,14.225769585253447,Not EU,1171.39,46.79,18.11
Japan,Asia,2017,13.690575342465756,Not EU,1151.93,44.14,18.08
Japan,Asia,2018,14.421543438077661,Not EU,1106.15,41.5,18.01
Latvia,Europe,1995,7.232582417582421,EU,0.0,0.0,0.0
Latvia,Europe,1996,5.549289617486337,EU,0.0,0.0,0.0
Latvia,Europe,1997,7.50087671232877,EU,0.0,0.0,0.0
Latvia,Europe,1998,5.797147435897437,EU,0.0,0.0,0.0
Latvia,Europe,1999,8.311208791208788,EU,0.0,0.0,0.0
Latvia,Europe,2000,8.687178082191775,EU,0.0,0.0,0.0
Latvia,Europe,2001,7.761726027397257,EU,0.0,0.0,0.0
Latvia,Europe,2002,8.171163434903045,EU,0.0,0.0,0.0
Latvia,Europe,2003,7.5957260273972675,EU,0.0,0.0,0.0
Latvia,Europe,2004,7.31844262295082,EU,0.0,0.0,0.0
Latvia,Europe,2005,7.282438356164382,EU,0.0,0.0,0.0
Latvia,Europe,2006,7.594410958904113,EU,0.0,0.0,0.0
Latvia,Europe,2007,7.827499999999993,EU,0.0,0.0,0.0
Latvia,Europe,2008,8.068324175824179,EU,0.0,0.0,0.0
Latvia,Europe,2009,7.022829670329675,EU,0.0,0.0,0.0
Latvia,Europe,2010,5.922191780821911,EU,0.0,0.0,0.0
Latvia,Europe,2011,7.489506849315075,EU,0.0,0.0,0.0
Latvia,Europe,2012,6.404972677595629,EU,0.0,0.0,0.0
Latvia,Europe,2013,7.304164383561647,EU,0.0,0.0,0.0
Latvia,Europe,2014,7.844148351648355,EU,0.0,0.0,0.0
Latvia,Europe,2015,8.268434065934072,EU,0.0,0.0,0.0
Latvia,Europe,2016,7.656914600550967,EU,0.0,0.0,0.0
Latvia,Europe,2017,7.311616438356172,EU,0.0,0.0,0.0
Latvia,Europe,2018,8.148176795580113,EU,0.0,0.0,0.0
Mexico,North America,1995,21.31209876543213,Not EU,306.52,1.84,35.44
Mexico,North America,1996,20.723262711864386,Not EU,326.08,3.62,36.18
Mexico,North America,1997,20.2472148541114,Not EU,349.23,4.17,36.03
Mexico,North America,1998,21.71918620689657,Not EU,373.12,4.28,37.3
Mexico,North America,1999,20.797987355110653,Not EU,360.47,5.32,36.5
Mexico,North America,2000,20.533129388164483,Not EU,384.48,5.32,36.64
Mexico,North America,2001,20.421464646464653,Not EU,382.76,5.21,37.06
Mexico,North America,2002,20.5347225501771,Not EU,388.74,6.1,34.37
Mexico,North America,2003,20.455360824742243,Not EU,407.0,6.5,34.9
Mexico,North America,2004,20.248959227467815,Not EU,414.19,7.6,34.88
Mexico,North America,2005,21.00040862656072,Not EU,432.39,8.34,36.94
Mexico,North America,2006,20.7447748815166,Not EU,449.71,10.64,36.09
Mexico,North America,2007,20.243367463026175,Not EU,462.41,12.29,37.05
Mexico,North America,2008,20.400798898071642,Not EU,477.41,13.4,36.12
Mexico,North America,2009,21.131881868131867,Not EU,461.76,14.14,36.7
Mexico,North America,2010,20.278047945205483,Not EU,468.94,15.26,37.24
Mexico,North America,2011,21.10687977099238,Not EU,480.96,16.26,37.94
Mexico,North America,2012,20.892384105960268,Not EU,480.71,16.29,39.47
Mexico,North America,2013,20.51375478927206,Not EU,469.86,17.38,43.22
Mexico,North America,2014,20.059922928709046,Not EU,458.32,17.98,38.49
Mexico,North America,2015,20.161661721068242,Not EU,472.59,18.59,38.47
Mexico,North America,2016,20.454342359767907,Not EU,479.25,19.35,42.59
Mexico,North America,2017,20.51735211267609,Not EU,471.81,20.12,42.88
Mexico,North America,2018,19.983311132255,Not EU,472.14,20.89,42.25
Poland,Europe,1995,8.282273972602738,EU,340.0,0.34,24.55
Poland,Europe,1996,6.88475409836066,EU,355.32,0.52,24.6
Poland,Europe,1997,7.91906849315068,EU,344.63,0.67,25.11
Poland,Europe,1998,8.333628808864265,EU,318.41,0.76,23.65
Poland,Europe,1999,9.140851648351653,EU,308.98,0.96,23.27
Poland,Europe,2000,9.651830601092893,EU,295.71,1.55,23.72
Poland,Europe,2001,8.388246575342468,EU,293.6,2.12,23.5
Poland,Europe,2002,9.20581717451523,EU,287.28,2.71,23.04
Poland,Europe,2003,8.371287671232873,EU,297.7,3.28,23.67
Poland,Europe,2004,8.465628415300545,EU,301.82,3.94,23.76
Poland,Europe,2005,8.667369863013704,EU,301.35,4.75,24.59
Poland,Europe,2006,9.046164383561644,EU,314.09,5.61,24.67
Poland,Europe,2007,9.737087912087913,EU,313.37,6.21,25.57
Poland,Europe,2008,9.840906593406588,EU,308.32,6.51,24.35
Poland,Europe,2009,8.800219780219784,EU,297.26,6.4,21.02
Poland,Europe,2010,7.964356164383563,EU,313.74,7.04,21.74
Poland,Europe,2011,9.093616438356163,EU,310.59,7.66,21.42
Poland,Europe,2012,8.699590163934422,EU,303.35,8.0,21.89
Poland,Europe,2013,8.895643835616442,EU,298.33,8.4,21.03
Poland,Europe,2014,9.784862637362627,EU,285.74,9.03,20.5
Poland,Europe,2015,10.55321428571429,EU,289.05,9.05,20.68
Poland,Europe,2016,9.92533149171271,EU,299.74,9.03,21.62
Poland,Europe,2017,9.559068493150683,EU,312.82,8.46,21.55
Poland,Europe,2018,10.720997229916895,EU,312.74,7.89,21.48
Portugal,Europe,1995,17.995205479452057,EU,50.69,0.14,3.91
Portugal,Europe,1996,17.136885245901624,EU,48.74,0.16,4.05
Portugal,Europe,1997,18.22250000000001,EU,50.93,0.22,3.99
Portugal,Europe,1998,17.637214484679674,EU,55.6,0.29,4.11
Portugal,Europe,1999,17.372644628099184,EU,62.21,0.37,4.14
Portugal,Europe,2000,16.82032786885247,EU,61.66,0.45,4.14
Portugal,Europe,2001,16.788465753424664,EU,61.38,0.56,3.86
Portugal,Europe,2002,16.844792243767312,EU,65.61,0.69,4.13
Portugal,Europe,2003,17.254767123287667,EU,60.52,0.82,3.79
Portugal,Europe,2004,17.03076712328767,EU,62.13,0.94,3.95
Portugal,Europe,2005,17.07609890109889,EU,65.47,1.11,3.83
Portugal,Europe,2006,17.49892857142859,EU,60.45,1.29,3.66
Portugal,Europe,2007,16.913287292817675,EU,58.8,1.52,3.81
Portugal,Europe,2008,16.846383561643847,EU,56.84,1.76,3.72
Portugal,Europe,2009,17.822554945054943,EU,56.3,1.96,3.38
Portugal,Europe,2010,17.322356164383567,EU,50.94,2.15,3.33
Portugal,Europe,2011,17.407252747252752,EU,49.87,2.32,3.05
Portugal,Europe,2012,16.138328767123276,EU,48.22,2.48,3.07
Portugal,Europe,2013,16.32826446280992,EU,46.56,2.65,3.06
Portugal,Europe,2014,16.545027472527472,EU,45.93,2.78,3.2
Portugal,Europe,2015,16.733057851239668,EU,49.85,2.93,3.2
Portugal,Europe,2016,16.79607734806629,EU,48.76,3.09,3.16
Portugal,Europe,2017,17.127863013698633,EU,53.33,2.86,3.24
Portugal,Europe,2018,16.30335180055401,EU,49.78,2.64,3.09
Romania,Europe,1995,10.560383561643826,EU,120.73,2.36,11.77
Romania,Europe,1996,10.24191256830601,EU,123.95,2.35,11.79
Romania,Europe,1997,10.192493150684939,EU,113.42,2.35,11.33
Romania,Europe,1998,11.027486187845296,EU,99.39,2.31,10.35
Romania,Europe,1999,11.842500000000003,EU,85.5,2.12,9.71
Romania,Europe,2000,12.12666666666667,EU,88.88,1.75,10.5
Romania,Europe,2001,11.660164383561641,EU,94.11,1.49,10.24
Romania,Europe,2002,11.576897506925206,EU,93.59,1.17,9.27
Romania,Europe,2003,11.077802197802194,EU,99.62,0.54,9.88
Romania,Europe,2004,11.065874316939887,EU,96.73,0.46,11.04
Romania,Europe,2005,10.828438356164387,EU,95.81,0.48,11.03
Romania,Europe,2006,11.360958904109589,EU,98.94,0.57,9.99
Romania,Europe,2007,12.624203296703294,EU,96.44,0.73,10.03
Romania,Europe,2008,12.008873626373628,EU,95.21,1.0,9.1
Romania,Europe,2009,12.097032967032971,EU,80.52,0.98,8.53
Romania,Europe,2010,11.547452054794517,EU,77.5,1.06,9.07
Romania,Europe,2011,11.12780821917809,EU,83.95,1.16,8.98
Romania,Europe,2012,12.088005464480878,EU,81.73,1.26,8.23
Romania,Europe,2013,11.999013698630131,EU,72.01,1.36,8.44
Romania,Europe,2014,11.793571428571438,EU,71.41,1.43,8.19
Romania,Europe,2015,12.517335164835178,EU,72.9,1.7,8.38
Romania,Europe,2016,12.056795580110494,EU,71.14,1.95,8.28
Romania,Europe,2017,11.888547945205485,EU,74.1,1.83,8.5
Romania,Europe,2018,12.517845303867393,EU,74.88,1.71,8.64
Russia,Europe,1995,9.34027624309393,Not EU,1564.9,29.96,63.57
Russia,Europe,1996,9.011260273972601,Not EU,1534.38,26.48,60.23
Russia,Europe,1997,8.568397260273969,Not EU,1427.06,29.2,55.87
Russia,Europe,1998,9.11692520775623,Not EU,1418.51,32.64,51.34
Russia,Europe,1999,9.728241758241765,Not EU,1456.15,33.16,49.2
Russia,Europe,2000,9.452404371584702,Not EU,1489.5,37.29,50.49
Russia,Europe,2001,9.202260273972602,Not EU,1490.53,35.04,53.25
Russia,Europe,2002,8.598795013850415,Not EU,1491.72,27.44,53.2
Russia,Europe,2003,8.82365740740741,Not EU,1522.19,22.07,53.97
Russia,Europe,2004,5.271639344262294,Not EU,1534.12,25.82,49.72
Russia,Europe,2005,5.6075068493150715,Not EU,1530.85,26.94,49.85
Russia,Europe,2006,4.990575342465756,Not EU,1590.09,24.32,49.93
Russia,Europe,2007,6.609450549450547,Not EU,1591.51,22.53,50.93
Russia,Europe,2008,6.765769230769231,Not EU,1613.14,23.3,55.39
Russia,Europe,2009,5.843791208791206,Not EU,1495.17,16.4,53.86
Russia,Europe,2010,6.366630136986303,Not EU,1583.16,17.55,51.92
Russia,Europe,2011,6.345534246575341,Not EU,1661.78,15.26,54.49
Russia,Europe,2012,5.348633879781424,Not EU,1666.86,21.95,53.09
Russia,Europe,2013,6.292410958904103,Not EU,1624.02,26.14,53.22
Russia,Europe,2014,6.504835164835163,Not EU,1606.86,28.95,55.71
Russia,Europe,2015,7.025494505494514,Not EU,1557.53,27.08,55.52
Russia,Europe,2016,6.186740331491716,Not EU,1530.9,28.58,58.06
Russia,Europe,2017,5.81712328767123,Not EU,1557.19,28.13,58.66
Russia,Europe,2018,6.160333333333334,Not EU,1607.55,27.67,58.61
Saudi Arabia,Middle East,1995,25.855301369863003,Not EU,222.4,2.37,3.91
Saudi Arabia,Middle East,1996,26.416401098901094,Not EU,234.09,3.83,4.05
Saudi Arabia,Middle East,1997,25.784109589041083,Not EU,214.93,5.29,4.3
Saudi Arabia,Middle East,1998,27.068047091412758,Not EU,230.41,6.75,4.45
Saudi Arabia,Middle East,1999,27.216002747252713,Not EU,234.53,8.21,4.47
Saudi Arabia,Middle East,2000,26.62648907103825,Not EU,244.34,9.67,4.67
Saudi Arabia,Middle East,2001,26.821769547325108,Not EU,248.6,10.34,4.81
Saudi Arabia,Middle East,2002,26.471966759002736,Not EU,266.91,11.01,4.91
Saudi Arabia,Middle East,2003,26.647764060356653,Not EU,278.11,11.69,5.04
Saudi Arabia,Middle East,2004,26.411434426229512,Not EU,294.21,12.36,5.23
Saudi Arabia,Middle East,2005,26.46736986301374,Not EU,308.97,13.03,5.04
Saudi Arabia,Middle East,2006,26.911616438356162,Not EU,328.35,15.46,5.1
Saudi Arabia,Middle East,2007,27.0869093406593,Not EU,347.53,17.89,5.28
Saudi Arabia,Middle East,2008,26.85740384615383,Not EU,382.24,20.32,4.65
Saudi Arabia,Middle East,2009,27.23796703296707,Not EU,399.63,22.75,4.45
Saudi Arabia,Middle East,2010,27.42730136986307,Not EU,439.23,25.18,4.66
Saudi Arabia,Middle East,2011,26.468337912087957,Not EU,456.67,30.5,4.96
Saudi Arabia,Middle East,2012,26.78161379310345,Not EU,488.75,35.82,5.03
Saudi Arabia,Middle East,2013,26.55115068493151,Not EU,499.38,41.14,5.54
Saudi Arabia,Middle East,2014,27.044627071823246,Not EU,536.81,46.46,5.44
Saudi Arabia,Middle East,2015,28.071891117478543,Not EU,561.14,51.78,5.69
Saudi Arabia,Middle East,2016,27.07672651933703,Not EU,556.74,59.05,5.81
Saudi Arabia,Middle East,2017,27.457362637362635,Not EU,540.7,66.33,5.69
Saudi Arabia,Middle East,2018,27.804805555555536,Not EU,514.6,73.6,5.75
Slovakia,Europe,1995,10.355232876712337,EU,42.37,0.16,2.91
Slovakia,Europe,1996,9.091748633879787,EU,42.17,0.08,3.14
Slovakia,Europe,1997,10.055698630136988,EU,42.27,0.1,3.03
Slovakia,Europe,1998,11.007166666666677,EU,41.4,0.1,2.83
Slovakia,Europe,1999,10.8328021978022,EU,40.66,0.11,2.32
Slovakia,Europe,2000,11.778688524590171,EU,38.07,0.14,2.58
Slovakia,Europe,2001,10.622219178082197,EU,38.58,0.18,2.78
Slovakia,Europe,2002,11.321329639889198,EU,38.08,0.23,2.76
Slovakia,Europe,2003,11.258484848484851,EU,38.34,0.28,2.8
Slovakia,Europe,2004,10.5412568306011,EU,37.44,0.33,3.0
Slovakia,Europe,2005,10.385726027397256,EU,38.52,0.37,2.87
Slovakia,Europe,2006,11.004136986301368,EU,37.88,0.43,3.18
Slovakia,Europe,2007,11.93346153846153,EU,37.22,0.46,2.97
Slovakia,Europe,2008,11.724027397260283,EU,37.05,0.53,2.86
Slovakia,Europe,2009,11.237335164835159,EU,33.84,0.57,2.62
Slovakia,Europe,2010,10.029726027397267,EU,35.45,0.64,2.42
Slovakia,Europe,2011,11.105397260273978,EU,34.13,0.65,2.12
Slovakia,Europe,2012,11.602185792349724,EU,32.37,0.68,2.01
Slovakia,Europe,2013,11.21186301369863,EU,32.94,0.68,1.92
Slovakia,Europe,2014,12.195659340659349,EU,30.45,0.68,2.0
Slovakia,Europe,2015,12.028763736263741,EU,30.75,0.76,1.93
Slovakia,Europe,2016,11.309198895027624,EU,31.5,0.69,2.01
Slovakia,Europe,2017,11.510547945205476,EU,33.58,0.64,1.9
Slovakia,Europe,2018,12.362105263157888,EU,33.0,0.6,1.97
South Africa,Africa,1995,16.299452054794532,Not EU,264.19,3.66,18.85
South Africa,Africa,1996,15.877868852459008,Not EU,273.98,3.74,19.66
South Africa,Africa,1997,16.528465753424655,Not EU,288.92,3.82,19.67
South Africa,Africa,1998,16.58808864265929,Not EU,296.51,3.9,19.81
South Africa,Africa,1999,17.295274725274723,Not EU,278.47,3.98,19.57
South Africa,Africa,2000,17.01019125683059,Not EU,284.73,4.05,19.59
South Africa,Africa,2001,16.74709589041097,Not EU,320.6,4.6,18.97
South Africa,Africa,2002,16.591024930747928,Not EU,331.42,5.15,20.02
South Africa,Africa,2003,16.754890109890113,Not EU,353.11,5.69,18.86
South Africa,Africa,2004,17.040163934426236,Not EU,379.97,6.24,18.57
South Africa,Africa,2005,16.720273972602747,Not EU,377.64,6.78,18.78
South Africa,Africa,2006,16.906000000000013,Not EU,379.56,7.78,18.52
South Africa,Africa,2007,16.978429752066123,Not EU,396.9,8.78,19.0
South Africa,Africa,2008,16.982609890109885,Not EU,426.56,9.79,19.37
South Africa,Africa,2009,17.357637362637362,Not EU,404.02,10.79,19.65
South Africa,Africa,2010,17.090602739726048,Not EU,425.11,11.79,19.46
South Africa,Africa,2011,16.926904109589028,Not EU,409.12,12.13,19.42
South Africa,Africa,2012,17.009153005464483,Not EU,426.71,12.46,19.72
South Africa,Africa,2013,17.056383561643827,Not EU,436.87,12.8,19.09
South Africa,Africa,2014,17.38766483516483,Not EU,447.98,13.14,19.33
South Africa,Africa,2015,17.184738292011033,Not EU,424.88,13.47,18.18
South Africa,Africa,2016,17.42588397790055,Not EU,425.18,14.39,17.51
South Africa,Africa,2017,17.02553424657534,Not EU,435.14,15.31,19.15
South Africa,Africa,2018,17.122638888888886,Not EU,433.25,16.23,18.82
South Korea,Asia,1995,10.974109589041104,Not EU,384.31,4.76,10.92
South Korea,Asia,1996,10.907896174863394,Not EU,408.88,7.04,11.43
South Korea,Asia,1997,11.44586301369864,Not EU,430.48,9.89,12.52
South Korea,Asia,1998,12.674834254143637,Not EU,365.67,11.61,12.49
South Korea,Asia,1999,12.10255494505494,Not EU,400.94,13.6,13.26
South Korea,Asia,2000,11.319808743169402,Not EU,455.69,15.71,13.96
South Korea,Asia,2001,11.356593406593406,Not EU,470.52,16.96,14.13
South Korea,Asia,2002,11.711357340720221,Not EU,461.94,18.51,13.86
South Korea,Asia,2003,11.746438356164365,Not EU,464.61,20.34,17.15
South Korea,Asia,2004,12.68934426229508,Not EU,484.9,22.38,19.76
South Korea,Asia,2005,11.274438356164387,Not EU,480.08,23.94,18.32
South Korea,Asia,2006,12.234356164383573,Not EU,486.94,26.74,16.93
South Korea,Asia,2007,12.26471074380165,Not EU,501.5,29.47,8.71
South Korea,Asia,2008,12.187967032967041,Not EU,513.19,31.95,8.62
South Korea,Asia,2009,12.081016483516478,Not EU,525.39,33.88,8.11
South Korea,Asia,2010,11.714328767123286,Not EU,574.26,36.77,8.62
South Korea,Asia,2011,11.458630136986297,Not EU,597.29,37.79,9.08
South Korea,Asia,2012,11.515355191256829,Not EU,598.96,39.2,10.29
South Korea,Asia,2013,11.726630136986289,Not EU,597.64,40.46,10.22
South Korea,Asia,2014,12.549972527472525,Not EU,586.0,41.78,10.3
South Korea,Asia,2015,12.881813186813194,Not EU,606.51,42.94,10.39
South Korea,Asia,2016,13.03618784530386,Not EU,614.78,45.86,10.51
South Korea,Asia,2017,12.297589041095884,Not EU,625.35,48.79,10.6
South Korea,Asia,2018,12.358027777777778,Not EU,630.87,51.71,10.77
Spain,Europe,1995,15.840648401826465,EU,240.58,7.13,20.34
Spain,Europe,1996,15.067422586520935,EU,230.1,8.06,22.45
Spain,Europe,1997,16.014082191780815,EU,248.61,9.52,22.13
Spain,Europe,1998,15.36849492151428,EU,256.22,9.69,23.47
Spain,Europe,1999,15.201071428571442,EU,278.31,11.71,23.53
Spain,Europe,2000,14.82425318761386,EU,293.31,13.19,23.65
Spain,Europe,2001,14.785470319634719,EU,294.79,9.82,22.77
Spain,Europe,2002,15.27527239150505,EU,312.75,8.52,22.4
Spain,Europe,2003,16.391106032906794,EU,318.66,10.6,23.37
Spain,Europe,2004,15.668397085610202,EU,335.56,10.84,22.61
Spain,Europe,2005,15.757698630136984,EU,350.5,12.16,21.28
Spain,Europe,2006,16.01173515981737,EU,341.78,14.78,21.69
Spain,Europe,2007,14.706703296703276,EU,354.68,16.92,22.19
Spain,Europe,2008,14.943946886446843,EU,324.16,17.87,20.07
Spain,Europe,2009,15.681364468864494,EU,287.49,16.54,19.66
Spain,Europe,2010,14.877936073059365,EU,273.25,16.72,20.01
Spain,Europe,2011,16.110639269406413,EU,274.4,16.26,18.95
Spain,Europe,2012,15.636129326047364,EU,269.27,16.36,18.25
Spain,Europe,2013,15.35467579908679,EU,242.8,16.44,19.15
Spain,Europe,2014,16.37653846153844,EU,240.96,16.37,19.96
Spain,Europe,2015,16.15098901098899,EU,256.28,9.92,20.1
Spain,Europe,2016,15.907430939226494,EU,247.03,9.69,19.85
Spain,Europe,2017,15.95808219178083,EU,263.44,9.0,20.14
Spain,Europe,2018,15.800681399631676,EU,258.34,8.31,20.35
Sweden,Europe,1995,6.972602739726026,EU,58.23,0.78,5.7
Sweden,Europe,1996,6.296448087431699,EU,63.65,0.79,5.85
Sweden,Europe,1997,7.393534246575341,EU,57.38,0.93,5.79
Sweden,Europe,1998,6.698555555555558,EU,58.36,0.97,5.74
Sweden,Europe,1999,8.381675824175819,EU,57.27,1.15,5.58
Sweden,Europe,2000,8.488032786885245,EU,53.28,1.17,5.49
Sweden,Europe,2001,7.629698630136978,EU,52.5,1.26,5.27
Sweden,Europe,2002,8.106333333333337,EU,54.02,1.36,5.19
Sweden,Europe,2003,7.822341597796138,EU,55.2,1.38,5.15
Sweden,Europe,2004,7.248524590163937,EU,53.59,1.46,5.19
Sweden,Europe,2005,7.572630136986303,EU,50.21,1.53,5.08
Sweden,Europe,2006,8.093698630136991,EU,48.9,1.49,5.03
Sweden,Europe,2007,7.941593406593411,EU,47.14,1.55,4.9
Sweden,Europe,2008,8.260109589041098,EU,46.15,1.45,5.08
Sweden,Europe,2009,7.344038461538464,EU,42.88,1.15,4.85
Sweden,Europe,2010,5.578164383561645,EU,48.13,1.27,5.05
Sweden,Europe,2011,8.117150684931497,EU,44.59,1.25,4.8
Sweden,Europe,2012,6.818934426229507,EU,42.15,1.1,4.69
Sweden,Europe,2013,7.322575342465748,EU,40.55,1.05,4.75
Sweden,Europe,2014,8.367884615384613,EU,39.1,1.06,4.92
Sweden,Europe,2015,8.096098901098902,EU,39.2,1.01,4.99
Sweden,Europe,2016,7.709281767955798,EU,38.79,0.99,4.96
Sweden,Europe,2017,7.483589041095883,EU,38.33,0.92,5.1
Sweden,Europe,2018,8.37096952908588,EU,36.0,0.85,4.92
The Netherlands,Europe,1995,10.495917808219177,EU,164.34,10.0,15.39
The Netherlands,Europe,1996,8.582759562841524,EU,173.92,12.04,15.33
The Netherlands,Europe,1997,10.271123287671236,EU,166.48,12.41,15.07
The Netherlands,Europe,1998,10.623656509695287,EU,166.92,13.37,14.75
The Netherlands,Europe,1999,11.142829670329675,EU,161.64,7.53,14.5
The Netherlands,Europe,2000,11.02150273224043,EU,162.3,6.37,14.04
The Netherlands,Europe,2001,10.64065753424658,EU,167.4,3.62,13.39
The Netherlands,Europe,2002,10.890027700831027,EU,167.5,4.68,12.83
The Netherlands,Europe,2003,10.706027397260272,EU,170.46,2.64,12.67
The Netherlands,Europe,2004,10.710519125683067,EU,172.16,2.36,13.3
The Netherlands,Europe,2005,10.971397260273982,EU,167.97,2.23,13.26
The Netherlands,Europe,2006,11.35676712328767,EU,163.71,2.48,13.18
The Netherlands,Europe,2007,11.444093406593401,EU,164.63,2.72,11.71
The Netherlands,Europe,2008,10.826657534246573,EU,165.39,2.76,8.23
The Netherlands,Europe,2009,10.727060439560441,EU,160.54,2.67,8.17
The Netherlands,Europe,2010,9.228657534246576,EU,171.16,3.07,7.99
The Netherlands,Europe,2011,11.045589041095887,EU,158.87,2.88,7.83
The Netherlands,Europe,2012,10.404562841530053,EU,157.52,2.77,7.93
The Netherlands,Europe,2013,9.962684931506855,EU,157.12,2.83,7.86
The Netherlands,Europe,2014,11.849917582417582,EU,149.89,2.62,8.17
The Netherlands,Europe,2015,11.037087912087912,EU,158.11,2.72,8.51
The Netherlands,Europe,2016,11.004419889502758,EU,158.27,2.77,8.29
The Netherlands,Europe,2017,11.172410958904116,EU,155.91,2.59,8.08
The Netherlands,Europe,2018,11.582055555555556,EU,151.17,2.41,7.79
Turkey,Middle East,1995,12.440863013698642,Not EU,168.26,1.1,26.05
Turkey,Middle East,1996,12.302909836065586,Not EU,185.45,1.12,26.68
Turkey,Middle East,1997,11.560986301369848,Not EU,193.59,1.19,26.82
Turkey,Middle East,1998,13.135387811634349,Not EU,193.85,1.29,28.13
Turkey,Middle East,1999,13.345068681318665,Not EU,192.87,1.32,28.08
Turkey,Middle East,2000,12.369685792349728,Not EU,216.62,1.38,27.62
Turkey,Middle East,2001,13.741726027397249,Not EU,197.78,1.48,25.02
Turkey,Middle East,2002,12.698379501385054,Not EU,208.12,1.7,25.36
Turkey,Middle East,2003,12.699615912208518,Not EU,219.16,1.97,26.22
Turkey,Middle East,2004,12.51609289617486,Not EU,224.6,2.31,26.64
Turkey,Middle East,2005,12.682547945205467,Not EU,235.01,2.59,27.15
Turkey,Middle East,2006,12.676821917808224,Not EU,261.09,2.86,28.77
Turkey,Middle East,2007,13.755027472527471,Not EU,288.97,3.34,27.88
Turkey,Middle East,2008,13.191881868131869,Not EU,287.2,3.52,26.38
Turkey,Middle East,2009,13.4384478021978,Not EU,287.83,3.44,29.47
Turkey,Middle East,2010,14.421150684931492,Not EU,297.12,4.69,28.75
Turkey,Middle East,2011,12.36575342465754,Not EU,317.72,5.18,28.89
Turkey,Middle East,2012,13.503046448087431,Not EU,328.88,5.94,29.59
Turkey,Middle East,2013,13.663082191780825,Not EU,318.17,6.09,32.12
Turkey,Middle East,2014,14.322046703296712,Not EU,340.64,6.83,32.07
Turkey,Middle East,2015,13.695425824175826,Not EU,351.59,6.92,32.88
Turkey,Middle East,2016,13.859406077348071,Not EU,374.59,6.57,35.14
Turkey,Middle East,2017,13.493315068493139,Not EU,415.9,7.17,34.62
Turkey,Middle East,2018,14.86961272475799,Not EU,412.97,7.77,34.38
US,North America,1995,13.447818721171373,Not EU,5126.9,115.29,272.69
US,North America,1996,12.645650804149614,Not EU,5283.11,124.38,279.98
US,North America,1997,12.991416598107872,Not EU,5547.99,130.98,273.86
US,North America,1998,14.49727602548289,Not EU,5590.7,145.82,269.93
US,North America,1999,13.949521665148437,Not EU,5610.3,142.42,265.35
US,North America,2000,13.402687809881913,Not EU,5776.41,143.65,262.45
US,North America,2001,13.808181475387153,Not EU,5749.25,130.28,255.04
US,North America,2002,13.679871247614251,Not EU,5594.16,137.81,255.21
US,North America,2003,13.459208070530993,Not EU,5659.63,127.23,260.06
US,North America,2004,13.570565300808319,Not EU,5740.03,134.13,258.75
US,North America,2005,13.863339207048456,Not EU,5756.08,135.45,257.93
US,North America,2006,14.300562285082501,Not EU,5656.58,137.6,260.11
US,North America,2007,13.94458345665692,Not EU,5740.27,148.45,263.29
US,North America,2008,13.315323572984688,Not EU,5563.34,149.44,248.09
US,North America,2009,13.266815539387933,Not EU,5159.55,144.31,241.24
US,North America,2010,13.77246720853975,Not EU,5392.87,153.08,246.69
US,North America,2011,13.932648304330781,Not EU,5172.1,159.37,254.86
US,North America,2012,14.821051959113895,Not EU,4950.21,154.58,245.81
US,North America,2013,13.315673915758264,Not EU,5089.5,154.04,246.72
US,North America,2014,13.161012678629131,Not EU,5102.58,159.16,246.48
US,North America,2015,14.190035105944842,Not EU,4982.79,161.05,242.64
US,North America,2016,14.620133071358344,Not EU,4888.64,160.92,248.51
US,North America,2017,14.41299786902569,Not EU,4813.72,165.29,249.29
US,North America,2018,13.910649834362944,Not EU,4981.3,169.66,250.06
United Kingdom,Europe,1995,11.889437585733875,Not EU,524.29,21.09,44.03
United Kingdom,Europe,1996,10.996798905608756,Not EU,544.66,22.33,43.81
United Kingdom,Europe,1997,11.485500685871056,Not EU,522.33,25.14,43.83
United Kingdom,Europe,1998,10.986329639889195,Not EU,525.03,22.15,44.07
United Kingdom,Europe,1999,11.170261707988983,Not EU,522.36,13.71,34.41
United Kingdom,Europe,2000,10.798917808219176,Not EU,530.12,12.63,34.62
United Kingdom,Europe,2001,10.590137174211248,Not EU,544.48,13.24,33.84
United Kingdom,Europe,2002,11.032219140083217,Not EU,530.23,13.69,31.82
United Kingdom,Europe,2003,11.019230769230763,Not EU,542.08,14.9,31.79
United Kingdom,Europe,2004,10.803474692202466,Not EU,542.32,13.81,32.63
United Kingdom,Europe,2005,10.7612208504801,Not EU,540.6,14.83,31.9
United Kingdom,Europe,2006,10.809876543209878,Not EU,541.64,15.53,31.28
United Kingdom,Europe,2007,10.981375515818433,Not EU,529.16,15.95,31.56
United Kingdom,Europe,2008,10.405788751714667,Not EU,514.41,16.23,31.03
United Kingdom,Europe,2009,10.583603851444293,Not EU,465.12,16.64,29.31
United Kingdom,Europe,2010,10.111141678129295,Not EU,481.79,17.53,29.49
United Kingdom,Europe,2011,11.416735253772297,Not EU,444.42,15.95,28.48
United Kingdom,Europe,2012,10.651143250688698,Not EU,467.08,16.32,28.56
United Kingdom,Europe,2013,10.665102880658443,Not EU,453.06,16.58,28.31
United Kingdom,Europe,2014,11.86056396148556,Not EU,414.85,16.84,28.34
United Kingdom,Europe,2015,11.166574965612112,Not EU,400.37,16.76,28.46
United Kingdom,Europe,2016,11.235228215767638,Not EU,378.89,16.02,28.28
United Kingdom,Europe,2017,11.450945205479437,Not EU,366.38,14.91,28.28
United Kingdom,Europe,2018,11.213439667128977,Not EU,358.8,13.79,28.29
