,Country,Date,CO2,F-Gas,N2O,State
0,Argentina,1995,113.81,1.22,36.72,Not EU
1,Argentina,1996,126.56,1.67,37.02,Not EU
2,Argentina,1997,127.32,2.11,37.41,Not EU
3,Argentina,1998,133.17,2.53,37.04,Not EU
4,Argentina,1999,134.19,2.95,37.32,Not EU
5,Argentina,2000,131.91,3.36,39.45,Not EU
6,Argentina,2001,124.87,3.71,39.31,Not EU
7,Argentina,2002,117.47,4.05,39.89,Not EU
8,Argentina,2003,128.36,4.4,43.79,Not EU
9,Argentina,2004,141.85,4.74,43.98,Not EU
10,Argentina,2005,146.32,5.09,43.54,Not EU
11,Argentina,2006,155.37,7.06,44.93,Not EU
12,Argentina,2007,163.63,9.04,47.34,Not EU
13,Argentina,2008,168.15,11.01,45.97,Not EU
14,Argentina,2009,157.44,12.99,40.51,Not EU
15,Argentina,2010,168.14,14.97,41.65,Not EU
16,Argentina,2011,177.26,15.76,42.64,Not EU
17,Argentina,2012,178.53,16.56,42.12,Not EU
18,Argentina,2013,184.0,17.36,43.47,Not EU
19,Argentina,2014,179.91,18.16,43.85,Not EU
20,Argentina,2015,186.09,18.95,43.43,Not EU
21,Argentina,2016,184.28,20.12,46.38,Not EU
22,Argentina,2017,180.12,21.29,48.34,Not EU
23,Argentina,2018,177.41,22.46,47.93,Not EU
24,Australia,1995,289.01,2.84,75.72,Not EU
25,Australia,1996,299.59,2.83,69.98,Not EU
26,Australia,1997,306.77,2.74,69.01,Not EU
27,Australia,1998,327.66,3.26,73.52,Not EU
28,Australia,1999,333.04,2.9,90.54,Not EU
29,Australia,2000,338.81,3.11,98.66,Not EU
30,Australia,2001,344.96,4.32,109.13,Not EU
31,Australia,2002,352.89,4.88,102.14,Not EU
32,Australia,2003,351.99,5.49,62.12,Not EU
33,Australia,2004,365.27,6.21,85.89,Not EU
34,Australia,2005,369.51,6.99,63.08,Not EU
35,Australia,2006,375.06,6.25,82.53,Not EU
36,Australia,2007,385.37,7.16,77.64,Not EU
37,Australia,2008,388.5,8.13,62.1,Not EU
38,Australia,2009,394.95,8.91,65.75,Not EU
39,Australia,2010,387.35,9.9,54.65,Not EU
40,Australia,2011,385.77,10.75,107.8,Not EU
41,Australia,2012,385.77,11.34,107.09,Not EU
42,Australia,2013,379.27,11.94,63.53,Not EU
43,Australia,2014,369.88,12.63,75.8,Not EU
44,Australia,2015,375.97,13.22,71.96,Not EU
45,Australia,2016,383.96,13.76,57.39,Not EU
46,Australia,2017,387.2,13.34,79.44,Not EU
47,Australia,2018,386.62,12.92,76.76,Not EU
48,Brazil,1995,241.5,4.71,119.98,Not EU
49,Brazil,1996,262.9,4.15,113.5,Not EU
50,Brazil,1997,281.51,3.83,116.69,Not EU
51,Brazil,1998,290.76,3.25,123.9,Not EU
52,Brazil,1999,300.62,4.3,124.22,Not EU
53,Brazil,2000,312.67,3.04,124.41,Not EU
54,Brazil,2001,319.56,3.14,130.21,Not EU
55,Brazil,2002,317.28,3.71,140.6,Not EU
56,Brazil,2003,309.35,4.13,146.21,Not EU
57,Brazil,2004,326.76,4.44,156.77,Not EU
58,Brazil,2005,330.51,4.85,156.25,Not EU
59,Brazil,2006,333.98,5.62,154.46,Not EU
60,Brazil,2007,351.52,6.41,160.01,Not EU
61,Brazil,2008,372.16,7.14,153.67,Not EU
62,Brazil,2009,350.83,7.32,150.36,Not EU
63,Brazil,2010,397.73,8.0,167.39,Not EU
64,Brazil,2011,417.12,8.04,166.85,Not EU
65,Brazil,2012,451.76,8.09,167.66,Not EU
66,Brazil,2013,482.86,8.13,167.97,Not EU
67,Brazil,2014,506.78,8.18,174.59,Not EU
68,Brazil,2015,479.97,8.22,172.22,Not EU
69,Brazil,2016,441.91,8.63,176.35,Not EU
70,Brazil,2017,449.84,9.03,184.38,Not EU
71,Brazil,2018,427.71,9.44,179.2,Not EU
72,Canada,1995,449.5,9.02,45.95,Not EU
73,Canada,1996,463.16,9.02,48.58,Not EU
74,Canada,1997,478.53,9.27,46.6,Not EU
75,Canada,1998,486.76,10.4,43.64,Not EU
76,Canada,1999,495.14,9.89,40.81,Not EU
77,Canada,2000,515.0,10.6,39.25,Not EU
78,Canada,2001,506.94,9.72,38.91,Not EU
79,Canada,2002,525.47,10.01,40.16,Not EU
80,Canada,2003,545.36,10.05,40.79,Not EU
81,Canada,2004,537.25,10.41,42.47,Not EU
82,Canada,2005,549.97,10.33,43.25,Not EU
83,Canada,2006,541.07,9.86,38.62,Not EU
84,Canada,2007,571.31,9.28,42.43,Not EU
85,Canada,2008,550.2,9.32,42.33,Not EU
86,Canada,2009,520.8,9.67,38.8,Not EU
87,Canada,2010,535.03,9.99,38.97,Not EU
88,Canada,2011,547.72,10.59,41.33,Not EU
89,Canada,2012,547.14,11.28,43.25,Not EU
90,Canada,2013,556.35,11.47,42.6,Not EU
91,Canada,2014,561.83,11.52,41.84,Not EU
92,Canada,2015,558.8,12.42,41.86,Not EU
93,Canada,2016,550.48,13.23,40.99,Not EU
94,Canada,2017,562.26,13.33,41.4,Not EU
95,Canada,2018,574.4,13.42,43.12,Not EU
96,China,1995,3084.87,12.57,370.95,Not EU
97,China,1996,3064.88,17.59,396.54,Not EU
98,China,1997,3128.65,22.61,368.67,Not EU
99,China,1998,3232.12,27.62,377.47,Not EU
100,China,1999,3149.2,32.64,393.76,Not EU
101,China,2000,3344.09,37.66,386.08,Not EU
102,China,2001,3526.75,52.05,388.46,Not EU
103,China,2002,3808.33,66.44,406.21,Not EU
104,China,2003,4413.3,80.82,407.63,Not EU
105,China,2004,5121.83,95.21,420.33,Not EU
106,China,2005,5819.12,109.6,428.09,Not EU
107,China,2006,6431.91,124.21,439.85,Not EU
108,China,2007,6988.21,138.82,448.44,Not EU
109,China,2008,7195.01,153.43,464.1,Not EU
110,China,2009,7715.11,168.04,475.6,Not EU
111,China,2010,8470.57,182.65,486.77,Not EU
112,China,2011,9278.25,197.1,493.0,Not EU
113,China,2012,9533.21,211.54,503.97,Not EU
114,China,2013,9936.68,223.84,515.99,Not EU
115,China,2014,9894.94,236.14,528.02,Not EU
116,China,2015,9830.43,248.43,542.9,Not EU
117,China,2016,9814.31,253.74,546.99,Not EU
118,China,2017,10017.77,259.05,542.1,Not EU
119,China,2018,10313.46,264.36,538.79,Not EU
120,India,1995,741.1,3.36,161.44,Not EU
121,India,1996,776.72,4.2,167.4,Not EU
122,India,1997,821.48,5.04,173.75,Not EU
123,India,1998,839.83,5.89,178.87,Not EU
124,India,1999,904.09,6.73,182.97,Not EU
125,India,2000,940.17,7.57,180.77,Not EU
126,India,2001,953.88,7.75,185.0,Not EU
127,India,2002,987.53,7.92,179.1,Not EU
128,India,2003,1015.89,8.1,186.41,Not EU
129,India,2004,1087.19,8.27,192.8,Not EU
130,India,2005,1137.74,8.45,202.26,Not EU
131,India,2006,1214.25,9.06,211.62,Not EU
132,India,2007,1336.1,9.67,220.49,Not EU
133,India,2008,1423.88,10.28,224.73,Not EU
134,India,2009,1568.53,10.89,229.1,Not EU
135,India,2010,1665.31,11.5,237.17,Not EU
136,India,2011,1760.8,12.28,244.53,Not EU
137,India,2012,1908.57,13.06,241.95,Not EU
138,India,2013,1966.81,13.84,241.81,Not EU
139,India,2014,2136.87,14.62,243.62,Not EU
140,India,2015,2150.22,15.4,246.03,Not EU
141,India,2016,2183.28,16.99,245.15,Not EU
142,India,2017,2301.44,18.57,248.3,Not EU
143,India,2018,2434.52,20.16,253.79,Not EU
144,Indonesia,1995,222.84,0.57,64.29,Not EU
145,Indonesia,1996,234.48,0.58,66.49,Not EU
146,Indonesia,1997,257.67,0.59,64.19,Not EU
147,Indonesia,1998,261.14,0.6,65.51,Not EU
148,Indonesia,1999,278.99,0.62,64.04,Not EU
149,Indonesia,2000,280.17,0.63,65.6,Not EU
150,Indonesia,2001,301.83,0.78,65.89,Not EU
151,Indonesia,2002,306.06,0.93,68.31,Not EU
152,Indonesia,2003,335.37,1.08,68.84,Not EU
153,Indonesia,2004,343.16,1.24,70.83,Not EU
154,Indonesia,2005,344.4,1.39,71.89,Not EU
155,Indonesia,2006,364.1,1.59,73.79,Not EU
156,Indonesia,2007,379.98,1.79,75.47,Not EU
157,Indonesia,2008,377.18,1.99,77.94,Not EU
158,Indonesia,2009,394.49,2.19,81.48,Not EU
159,Indonesia,2010,416.94,2.39,81.45,Not EU
160,Indonesia,2011,480.46,2.44,84.31,Not EU
161,Indonesia,2012,486.75,2.49,86.52,Not EU
162,Indonesia,2013,454.32,2.53,85.01,Not EU
163,Indonesia,2014,490.05,2.58,88.35,Not EU
164,Indonesia,2015,490.84,2.63,89.07,Not EU
165,Indonesia,2016,494.98,2.84,91.09,Not EU
166,Indonesia,2017,532.92,3.06,92.5,Not EU
167,Indonesia,2018,583.11,3.27,95.69,Not EU
168,Japan,1995,1172.79,40.12,29.65,Not EU
169,Japan,1996,1186.23,41.26,30.68,Not EU
170,Japan,1997,1173.99,41.44,31.35,Not EU
171,Japan,1998,1131.25,40.12,29.75,Not EU
172,Japan,1999,1165.89,37.88,23.53,Not EU
173,Japan,2000,1182.95,35.14,26.09,Not EU
174,Japan,2001,1170.62,29.12,22.82,Not EU
175,Japan,2002,1206.97,25.59,22.49,Not EU
176,Japan,2003,1215.78,25.25,22.28,Not EU
177,Japan,2004,1211.09,21.65,22.56,Not EU
178,Japan,2005,1213.82,20.76,22.12,Not EU
179,Japan,2006,1190.26,22.95,21.96,Not EU
180,Japan,2007,1226.36,24.31,20.93,Not EU
181,Japan,2008,1159.62,25.16,20.67,Not EU
182,Japan,2009,1101.21,24.9,20.21,Not EU
183,Japan,2010,1156.08,27.64,19.6,Not EU
184,Japan,2011,1212.17,30.04,18.8,Not EU
185,Japan,2012,1252.22,33.22,18.16,Not EU
186,Japan,2013,1260.9,35.86,18.73,Not EU
187,Japan,2014,1219.82,39.79,18.79,Not EU
188,Japan,2015,1181.5,43.46,18.22,Not EU
189,Japan,2016,1171.39,46.79,18.11,Not EU
190,Japan,2017,1151.93,44.14,18.08,Not EU
191,Japan,2018,1106.15,41.5,18.01,Not EU
192,Mexico,1995,306.52,1.84,35.44,Not EU
193,Mexico,1996,326.08,3.62,36.18,Not EU
194,Mexico,1997,349.23,4.17,36.03,Not EU
195,Mexico,1998,373.12,4.28,37.3,Not EU
196,Mexico,1999,360.47,5.32,36.5,Not EU
197,Mexico,2000,384.48,5.32,36.64,Not EU
198,Mexico,2001,382.76,5.21,37.06,Not EU
199,Mexico,2002,388.74,6.1,34.37,Not EU
200,Mexico,2003,407.0,6.5,34.9,Not EU
201,Mexico,2004,414.19,7.6,34.88,Not EU
202,Mexico,2005,432.39,8.34,36.94,Not EU
203,Mexico,2006,449.71,10.64,36.09,Not EU
204,Mexico,2007,462.41,12.29,37.05,Not EU
205,Mexico,2008,477.41,13.4,36.12,Not EU
206,Mexico,2009,461.76,14.14,36.7,Not EU
207,Mexico,2010,468.94,15.26,37.24,Not EU
208,Mexico,2011,480.96,16.26,37.94,Not EU
209,Mexico,2012,480.71,16.29,39.47,Not EU
210,Mexico,2013,469.86,17.38,43.22,Not EU
211,Mexico,2014,458.32,17.98,38.49,Not EU
212,Mexico,2015,472.59,18.59,38.47,Not EU
213,Mexico,2016,479.25,19.35,42.59,Not EU
214,Mexico,2017,471.81,20.12,42.88,Not EU
215,Mexico,2018,472.14,20.89,42.25,Not EU
216,Russia,1995,1564.9,29.96,63.57,Not EU
217,Russia,1996,1534.38,26.48,60.23,Not EU
218,Russia,1997,1427.06,29.2,55.87,Not EU
219,Russia,1998,1418.51,32.64,51.34,Not EU
220,Russia,1999,1456.15,33.16,49.2,Not EU
221,Russia,2000,1489.5,37.29,50.49,Not EU
222,Russia,2001,1490.53,35.04,53.25,Not EU
223,Russia,2002,1491.72,27.44,53.2,Not EU
224,Russia,2003,1522.19,22.07,53.97,Not EU
225,Russia,2004,1534.12,25.82,49.72,Not EU
226,Russia,2005,1530.85,26.94,49.85,Not EU
227,Russia,2006,1590.09,24.32,49.93,Not EU
228,Russia,2007,1591.51,22.53,50.93,Not EU
229,Russia,2008,1613.14,23.3,55.39,Not EU
230,Russia,2009,1495.17,16.4,53.86,Not EU
231,Russia,2010,1583.16,17.55,51.92,Not EU
232,Russia,2011,1661.78,15.26,54.49,Not EU
233,Russia,2012,1666.86,21.95,53.09,Not EU
234,Russia,2013,1624.02,26.14,53.22,Not EU
235,Russia,2014,1606.86,28.95,55.71,Not EU
236,Russia,2015,1557.53,27.08,55.52,Not EU
237,Russia,2016,1530.9,28.58,58.06,Not EU
238,Russia,2017,1557.19,28.13,58.66,Not EU
239,Russia,2018,1607.55,27.67,58.61,Not EU
240,Saudi Arabia,1995,222.4,2.37,3.91,Not EU
241,Saudi Arabia,1996,234.09,3.83,4.05,Not EU
242,Saudi Arabia,1997,214.93,5.29,4.3,Not EU
243,Saudi Arabia,1998,230.41,6.75,4.45,Not EU
244,Saudi Arabia,1999,234.53,8.21,4.47,Not EU
245,Saudi Arabia,2000,244.34,9.67,4.67,Not EU
246,Saudi Arabia,2001,248.6,10.34,4.81,Not EU
247,Saudi Arabia,2002,266.91,11.01,4.91,Not EU
248,Saudi Arabia,2003,278.11,11.69,5.04,Not EU
249,Saudi Arabia,2004,294.21,12.36,5.23,Not EU
250,Saudi Arabia,2005,308.97,13.03,5.04,Not EU
251,Saudi Arabia,2006,328.35,15.46,5.1,Not EU
252,Saudi Arabia,2007,347.53,17.89,5.28,Not EU
253,Saudi Arabia,2008,382.24,20.32,4.65,Not EU
254,Saudi Arabia,2009,399.63,22.75,4.45,Not EU
255,Saudi Arabia,2010,439.23,25.18,4.66,Not EU
256,Saudi Arabia,2011,456.67,30.5,4.96,Not EU
257,Saudi Arabia,2012,488.75,35.82,5.03,Not EU
258,Saudi Arabia,2013,499.38,41.14,5.54,Not EU
259,Saudi Arabia,2014,536.81,46.46,5.44,Not EU
260,Saudi Arabia,2015,561.14,51.78,5.69,Not EU
261,Saudi Arabia,2016,556.74,59.05,5.81,Not EU
262,Saudi Arabia,2017,540.7,66.33,5.69,Not EU
263,Saudi Arabia,2018,514.6,73.6,5.75,Not EU
264,South Africa,1995,264.19,3.66,18.85,Not EU
265,South Africa,1996,273.98,3.74,19.66,Not EU
266,South Africa,1997,288.92,3.82,19.67,Not EU
267,South Africa,1998,296.51,3.9,19.81,Not EU
268,South Africa,1999,278.47,3.98,19.57,Not EU
269,South Africa,2000,284.73,4.05,19.59,Not EU
270,South Africa,2001,320.6,4.6,18.97,Not EU
271,South Africa,2002,331.42,5.15,20.02,Not EU
272,South Africa,2003,353.11,5.69,18.86,Not EU
273,South Africa,2004,379.97,6.24,18.57,Not EU
274,South Africa,2005,377.64,6.78,18.78,Not EU
275,South Africa,2006,379.56,7.78,18.52,Not EU
276,South Africa,2007,396.9,8.78,19.0,Not EU
277,South Africa,2008,426.56,9.79,19.37,Not EU
278,South Africa,2009,404.02,10.79,19.65,Not EU
279,South Africa,2010,425.11,11.79,19.46,Not EU
280,South Africa,2011,409.12,12.13,19.42,Not EU
281,South Africa,2012,426.71,12.46,19.72,Not EU
282,South Africa,2013,436.87,12.8,19.09,Not EU
283,South Africa,2014,447.98,13.14,19.33,Not EU
284,South Africa,2015,424.88,13.47,18.18,Not EU
285,South Africa,2016,425.18,14.39,17.51,Not EU
286,South Africa,2017,435.14,15.31,19.15,Not EU
287,South Africa,2018,433.25,16.23,18.82,Not EU
288,South Korea,1995,384.31,4.76,10.92,Not EU
289,South Korea,1996,408.88,7.04,11.43,Not EU
290,South Korea,1997,430.48,9.89,12.52,Not EU
291,South Korea,1998,365.67,11.61,12.49,Not EU
292,South Korea,1999,400.94,13.6,13.26,Not EU
293,South Korea,2000,455.69,15.71,13.96,Not EU
294,South Korea,2001,470.52,16.96,14.13,Not EU
295,South Korea,2002,461.94,18.51,13.86,Not EU
296,South Korea,2003,464.61,20.34,17.15,Not EU
297,South Korea,2004,484.9,22.38,19.76,Not EU
298,South Korea,2005,480.08,23.94,18.32,Not EU
299,South Korea,2006,486.94,26.74,16.93,Not EU
300,South Korea,2007,501.5,29.47,8.71,Not EU
301,South Korea,2008,513.19,31.95,8.62,Not EU
302,South Korea,2009,525.39,33.88,8.11,Not EU
303,South Korea,2010,574.26,36.77,8.62,Not EU
304,South Korea,2011,597.29,37.79,9.08,Not EU
305,South Korea,2012,598.96,39.2,10.29,Not EU
306,South Korea,2013,597.64,40.46,10.22,Not EU
307,South Korea,2014,586.0,41.78,10.3,Not EU
308,South Korea,2015,606.51,42.94,10.39,Not EU
309,South Korea,2016,614.78,45.86,10.51,Not EU
310,South Korea,2017,625.35,48.79,10.6,Not EU
311,South Korea,2018,630.87,51.71,10.77,Not EU
312,Turkey,1995,168.26,1.1,26.05,Not EU
313,Turkey,1996,185.45,1.12,26.68,Not EU
314,Turkey,1997,193.59,1.19,26.82,Not EU
315,Turkey,1998,193.85,1.29,28.13,Not EU
316,Turkey,1999,192.87,1.32,28.08,Not EU
317,Turkey,2000,216.62,1.38,27.62,Not EU
318,Turkey,2001,197.78,1.48,25.02,Not EU
319,Turkey,2002,208.12,1.7,25.36,Not EU
320,Turkey,2003,219.16,1.97,26.22,Not EU
321,Turkey,2004,224.6,2.31,26.64,Not EU
322,Turkey,2005,235.01,2.59,27.15,Not EU
323,Turkey,2006,261.09,2.86,28.77,Not EU
324,Turkey,2007,288.97,3.34,27.88,Not EU
325,Turkey,2008,287.2,3.52,26.38,Not EU
326,Turkey,2009,287.83,3.44,29.47,Not EU
327,Turkey,2010,297.12,4.69,28.75,Not EU
328,Turkey,2011,317.72,5.18,28.89,Not EU
329,Turkey,2012,328.88,5.94,29.59,Not EU
330,Turkey,2013,318.17,6.09,32.12,Not EU
331,Turkey,2014,340.64,6.83,32.07,Not EU
332,Turkey,2015,351.59,6.92,32.88,Not EU
333,Turkey,2016,374.59,6.57,35.14,Not EU
334,Turkey,2017,415.9,7.17,34.62,Not EU
335,Turkey,2018,412.97,7.77,34.38,Not EU
336,United Kingdom,1995,524.29,21.09,44.03,Not EU
337,United Kingdom,1996,544.66,22.33,43.81,Not EU
338,United Kingdom,1997,522.33,25.14,43.83,Not EU
339,United Kingdom,1998,525.03,22.15,44.07,Not EU
340,United Kingdom,1999,522.36,13.71,34.41,Not EU
341,United Kingdom,2000,530.12,12.63,34.62,Not EU
342,United Kingdom,2001,544.48,13.24,33.84,Not EU
343,United Kingdom,2002,530.23,13.69,31.82,Not EU
344,United Kingdom,2003,542.08,14.9,31.79,Not EU
345,United Kingdom,2004,542.32,13.81,32.63,Not EU
346,United Kingdom,2005,540.6,14.83,31.9,Not EU
347,United Kingdom,2006,541.64,15.53,31.28,Not EU
348,United Kingdom,2007,529.16,15.95,31.56,Not EU
349,United Kingdom,2008,514.41,16.23,31.03,Not EU
350,United Kingdom,2009,465.12,16.64,29.31,Not EU
351,United Kingdom,2010,481.79,17.53,29.49,Not EU
352,United Kingdom,2011,444.42,15.95,28.48,Not EU
353,United Kingdom,2012,467.08,16.32,28.56,Not EU
354,United Kingdom,2013,453.06,16.58,28.31,Not EU
355,United Kingdom,2014,414.85,16.84,28.34,Not EU
356,United Kingdom,2015,400.37,16.76,28.46,Not EU
357,United Kingdom,2016,378.89,16.02,28.28,Not EU
358,United Kingdom,2017,366.38,14.91,28.28,Not EU
359,United Kingdom,2018,358.8,13.79,28.29,Not EU
360,United States,1995,5126.9,115.29,272.69,Not EU
361,United States,1996,5283.11,124.38,279.98,Not EU
362,United States,1997,5547.99,130.98,273.86,Not EU
363,United States,1998,5590.7,145.82,269.93,Not EU
364,United States,1999,5610.3,142.42,265.35,Not EU
365,United States,2000,5776.41,143.65,262.45,Not EU
366,United States,2001,5749.25,130.28,255.04,Not EU
367,United States,2002,5594.16,137.81,255.21,Not EU
368,United States,2003,5659.63,127.23,260.06,Not EU
369,United States,2004,5740.03,134.13,258.75,Not EU
370,United States,2005,5756.08,135.45,257.93,Not EU
371,United States,2006,5656.58,137.6,260.11,Not EU
372,United States,2007,5740.27,148.45,263.29,Not EU
373,United States,2008,5563.34,149.44,248.09,Not EU
374,United States,2009,5159.55,144.31,241.24,Not EU
375,United States,2010,5392.87,153.08,246.69,Not EU
376,United States,2011,5172.1,159.37,254.86,Not EU
377,United States,2012,4950.21,154.58,245.81,Not EU
378,United States,2013,5089.5,154.04,246.72,Not EU
379,United States,2014,5102.58,159.16,246.48,Not EU
380,United States,2015,4982.79,161.05,242.64,Not EU
381,United States,2016,4888.64,160.92,248.51,Not EU
382,United States,2017,4813.72,165.29,249.29,Not EU
383,United States,2018,4981.3,169.66,250.06,Not EU
0,Austria,1995,61.18,1.28,4.59,EU
1,Austria,1996,64.9,1.4,4.69,EU
2,Austria,1997,64.22,1.43,4.64,EU
3,Austria,1998,64.67,1.24,4.63,EU
4,Austria,1999,63.05,1.18,4.63,EU
5,Austria,2000,63.53,1.18,4.59,EU
6,Austria,2001,67.91,1.38,4.46,EU
7,Austria,2002,69.37,1.45,4.35,EU
8,Austria,2003,74.46,1.6,4.34,EU
9,Austria,2004,75.8,1.73,3.79,EU
10,Austria,2005,76.24,1.52,3.8,EU
11,Austria,2006,74.1,1.55,3.77,EU
12,Austria,2007,71.24,1.61,3.66,EU
13,Austria,2008,70.73,1.64,3.79,EU
14,Austria,2009,64.42,1.45,3.53,EU
15,Austria,2010,69.96,1.66,3.52,EU
16,Austria,2011,68.27,1.56,3.55,EU
17,Austria,2012,65.11,1.62,3.59,EU
18,Austria,2013,65.75,1.64,3.62,EU
19,Austria,2014,61.99,1.73,3.67,EU
20,Austria,2015,63.15,1.76,3.68,EU
21,Austria,2016,63.39,1.77,3.7,EU
22,Austria,2017,65.83,1.64,3.63,EU
23,Austria,2018,63.18,1.51,3.62,EU
24,Belgium,1995,114.57,0.53,8.9,EU
25,Belgium,1996,119.45,0.63,9.41,EU
26,Belgium,1997,116.64,0.75,9.1,EU
27,Belgium,1998,119.41,0.91,9.19,EU
28,Belgium,1999,115.51,0.97,9.12,EU
29,Belgium,2000,117.28,1.16,7.76,EU
30,Belgium,2001,118.34,1.25,7.5,EU
31,Belgium,2002,110.85,1.48,8.01,EU
32,Belgium,2003,115.5,1.65,7.24,EU
33,Belgium,2004,114.02,1.74,7.33,EU
34,Belgium,2005,110.61,1.8,7.09,EU
35,Belgium,2006,108.65,1.92,6.09,EU
36,Belgium,2007,104.59,2.14,5.49,EU
37,Belgium,2008,106.93,2.27,5.54,EU
38,Belgium,2009,99.67,2.46,5.63,EU
39,Belgium,2010,106.47,2.59,6.13,EU
40,Belgium,2011,95.57,2.73,4.88,EU
41,Belgium,2012,94.96,2.86,4.93,EU
42,Belgium,2013,96.61,2.86,4.77,EU
43,Belgium,2014,90.16,3.01,4.74,EU
44,Belgium,2015,95.2,2.99,4.79,EU
45,Belgium,2016,94.32,3.09,4.49,EU
46,Belgium,2017,92.77,2.86,4.44,EU
47,Belgium,2018,93.47,2.62,4.46,EU
48,Bulgaria,1995,54.69,0.01,4.38,EU
49,Bulgaria,1996,55.06,0.01,4.48,EU
50,Bulgaria,1997,53.37,0.02,4.19,EU
51,Bulgaria,1998,50.59,0.02,3.6,EU
52,Bulgaria,1999,44.3,0.03,3.36,EU
53,Bulgaria,2000,43.33,0.05,3.76,EU
54,Bulgaria,2001,46.18,0.06,3.96,EU
55,Bulgaria,2002,43.63,0.07,4.38,EU
56,Bulgaria,2003,47.89,0.1,4.48,EU
57,Bulgaria,2004,47.18,0.13,4.37,EU
58,Bulgaria,2005,47.88,0.21,3.99,EU
59,Bulgaria,2006,48.97,0.31,3.26,EU
60,Bulgaria,2007,52.62,0.4,3.62,EU
61,Bulgaria,2008,50.03,0.64,3.8,EU
62,Bulgaria,2009,42.97,0.66,3.79,EU
63,Bulgaria,2010,44.85,0.69,3.71,EU
64,Bulgaria,2011,49.67,0.78,4.36,EU
65,Bulgaria,2012,45.12,0.85,3.43,EU
66,Bulgaria,2013,39.82,1.0,3.76,EU
67,Bulgaria,2014,42.23,1.13,3.83,EU
68,Bulgaria,2015,44.69,1.25,4.0,EU
69,Bulgaria,2016,41.74,1.43,4.01,EU
70,Bulgaria,2017,44.04,1.33,4.05,EU
71,Bulgaria,2018,41.13,1.24,4.05,EU
72,Cyprus,1995,5.8,0.0,0.37,EU
73,Cyprus,1996,6.16,0.0,0.39,EU
74,Cyprus,1997,6.25,0.01,0.37,EU
75,Cyprus,1998,6.55,0.01,0.38,EU
76,Cyprus,1999,6.81,0.02,0.38,EU
77,Cyprus,2000,7.07,0.03,0.37,EU
78,Cyprus,2001,6.93,0.04,0.39,EU
79,Cyprus,2002,7.11,0.05,0.41,EU
80,Cyprus,2003,7.77,0.06,0.41,EU
81,Cyprus,2004,7.71,0.08,0.4,EU
82,Cyprus,2005,7.87,0.09,0.37,EU
83,Cyprus,2006,7.94,0.13,0.38,EU
84,Cyprus,2007,8.24,0.15,0.38,EU
85,Cyprus,2008,8.4,0.18,0.37,EU
86,Cyprus,2009,8.18,0.2,0.39,EU
87,Cyprus,2010,7.82,0.23,0.4,EU
88,Cyprus,2011,7.55,0.25,0.39,EU
89,Cyprus,2012,7.02,0.27,0.39,EU
90,Cyprus,2013,6.38,0.28,0.35,EU
91,Cyprus,2014,6.75,0.29,0.34,EU
92,Cyprus,2015,6.78,0.3,0.36,EU
93,Cyprus,2016,7.15,0.3,0.37,EU
94,Cyprus,2017,7.3,0.28,0.37,EU
95,Cyprus,2018,7.23,0.26,0.37,EU
96,Denmark,1995,59.92,0.28,6.54,EU
97,Denmark,1996,73.3,0.39,6.48,EU
98,Denmark,1997,63.72,0.4,6.49,EU
99,Denmark,1998,59.74,0.5,6.32,EU
100,Denmark,1999,56.96,0.62,6.37,EU
101,Denmark,2000,52.71,0.74,6.37,EU
102,Denmark,2001,53.85,0.78,6.19,EU
103,Denmark,2002,53.98,0.82,6.01,EU
104,Denmark,2003,59.34,0.86,6.13,EU
105,Denmark,2004,53.89,0.93,5.42,EU
106,Denmark,2005,50.27,0.99,5.31,EU
107,Denmark,2006,58.21,1.01,5.23,EU
108,Denmark,2007,53.4,1.04,5.2,EU
109,Denmark,2008,50.12,1.05,5.22,EU
110,Denmark,2009,47.89,1.0,4.92,EU
111,Denmark,2010,48.18,1.0,4.84,EU
112,Denmark,2011,43.09,0.94,4.81,EU
113,Denmark,2012,38.21,0.87,4.85,EU
114,Denmark,2013,39.98,0.85,4.76,EU
115,Denmark,2014,35.76,0.78,4.94,EU
116,Denmark,2015,33.6,0.72,5.1,EU
117,Denmark,2016,35.38,0.71,5.08,EU
118,Denmark,2017,33.33,0.66,5.08,EU
119,Denmark,2018,33.38,0.61,4.74,EU
120,Estonia,1995,16.23,0.03,1.2,EU
121,Estonia,1996,17.21,0.03,1.16,EU
122,Estonia,1997,16.83,0.04,1.15,EU
123,Estonia,1998,16.26,0.05,1.18,EU
124,Estonia,1999,15.2,0.06,1.16,EU
125,Estonia,2000,14.82,0.08,1.18,EU
126,Estonia,2001,15.29,0.1,1.17,EU
127,Estonia,2002,14.86,0.1,1.17,EU
128,Estonia,2003,16.83,0.11,1.18,EU
129,Estonia,2004,16.92,0.12,1.21,EU
130,Estonia,2005,17.12,0.14,1.19,EU
131,Estonia,2006,15.89,0.16,1.19,EU
132,Estonia,2007,19.85,0.17,1.23,EU
133,Estonia,2008,18.29,0.15,1.29,EU
134,Estonia,2009,14.96,0.16,1.24,EU
135,Estonia,2010,18.88,0.18,1.26,EU
136,Estonia,2011,18.05,0.19,1.28,EU
137,Estonia,2012,16.78,0.2,1.31,EU
138,Estonia,2013,19.19,0.21,1.32,EU
139,Estonia,2014,17.82,0.22,1.37,EU
140,Estonia,2015,15.37,0.23,1.39,EU
141,Estonia,2016,15.65,0.24,1.33,EU
142,Estonia,2017,16.28,0.22,1.36,EU
143,Estonia,2018,16.0,0.21,1.35,EU
144,Finland,1995,56.09,0.17,5.96,EU
145,Finland,1996,62.57,0.25,5.97,EU
146,Finland,1997,60.62,0.35,6.0,EU
147,Finland,1998,57.27,0.45,5.84,EU
148,Finland,1999,56.51,0.55,5.84,EU
149,Finland,2000,55.1,0.71,5.88,EU
150,Finland,2001,61.09,0.77,5.8,EU
151,Finland,2002,63.44,0.85,5.98,EU
152,Finland,2003,71.71,0.92,5.98,EU
153,Finland,2004,67.68,1.01,6.12,EU
154,Finland,2005,55.46,1.1,6.33,EU
155,Finland,2006,67.02,1.17,5.98,EU
156,Finland,2007,65.1,1.23,6.17,EU
157,Finland,2008,56.66,1.35,6.49,EU
158,Finland,2009,54.18,1.39,5.37,EU
159,Finland,2010,62.53,1.41,5.03,EU
160,Finland,2011,55.12,1.42,4.57,EU
161,Finland,2012,49.41,1.46,4.58,EU
162,Finland,2013,50.19,1.47,4.65,EU
163,Finland,2014,46.16,1.47,4.7,EU
164,Finland,2015,42.82,1.45,4.68,EU
165,Finland,2016,45.71,1.43,4.65,EU
166,Finland,2017,43.01,1.33,4.65,EU
167,Finland,2018,44.36,1.23,4.67,EU
168,France,1995,352.28,5.9,61.81,EU
169,France,1996,367.96,7.18,64.46,EU
170,France,1997,359.14,8.12,64.02,EU
171,France,1998,381.18,9.08,57.05,EU
172,France,1999,375.0,10.7,51.49,EU
173,France,2000,373.24,10.72,49.25,EU
174,France,2001,376.86,11.24,50.15,EU
175,France,2002,371.17,13.81,47.83,EU
176,France,2003,376.84,14.58,47.75,EU
177,France,2004,377.95,15.01,45.28,EU
178,France,2005,380.82,15.31,43.99,EU
179,France,2006,371.6,16.07,43.15,EU
180,France,2007,362.91,16.78,44.03,EU
181,France,2008,358.21,17.3,42.1,EU
182,France,2009,343.88,17.16,39.66,EU
183,France,2010,347.94,18.23,38.62,EU
184,France,2011,333.53,19.32,36.66,EU
185,France,2012,336.33,19.64,37.24,EU
186,France,2013,336.63,19.59,38.31,EU
187,France,2014,304.53,19.45,38.3,EU
188,France,2015,310.52,19.66,38.91,EU
189,France,2016,312.71,19.83,37.55,EU
190,France,2017,316.36,18.42,38.47,EU
191,France,2018,309.96,17.01,38.03,EU
192,Germany,1995,873.09,7.82,62.92,EU
193,Germany,1996,902.75,8.26,64.01,EU
194,Germany,1997,870.9,8.31,61.41,EU
195,Germany,1998,863.14,8.85,48.49,EU
196,Germany,1999,833.35,8.37,44.96,EU
197,Germany,2000,830.08,8.4,43.24,EU
198,Germany,2001,847.5,9.77,44.94,EU
199,Germany,2002,833.18,10.41,44.47,EU
200,Germany,2003,836.55,10.62,44.22,EU
201,Germany,2004,820.83,11.18,45.57,EU
202,Germany,2005,802.17,11.27,43.62,EU
203,Germany,2006,814.16,11.33,41.99,EU
204,Germany,2007,783.6,11.4,45.81,EU
205,Germany,2008,789.55,11.08,43.66,EU
206,Germany,2009,734.66,11.19,43.88,EU
207,Germany,2010,772.92,11.47,36.99,EU
208,Germany,2011,746.38,11.82,35.65,EU
209,Germany,2012,760.02,11.89,35.54,EU
210,Germany,2013,777.63,11.87,36.12,EU
211,Germany,2014,737.49,11.99,37.02,EU
212,Germany,2015,742.31,12.1,36.24,EU
213,Germany,2016,747.15,11.9,35.6,EU
214,Germany,2017,732.2,11.09,34.58,EU
215,Germany,2018,709.54,10.28,32.9,EU
216,Greece,1995,82.84,4.22,6.82,EU
217,Greece,1996,82.76,4.88,7.12,EU
218,Greece,1997,83.76,5.29,6.85,EU
219,Greece,1998,87.13,5.92,6.7,EU
220,Greece,1999,87.4,6.82,6.72,EU
221,Greece,2000,94.46,5.37,6.64,EU
222,Greece,2001,96.61,4.85,6.39,EU
223,Greece,2002,96.6,5.16,6.45,EU
224,Greece,2003,100.22,4.8,6.49,EU
225,Greece,2004,99.85,4.99,6.09,EU
226,Greece,2005,101.95,5.14,5.95,EU
227,Greece,2006,100.7,4.96,5.67,EU
228,Greece,2007,104.31,4.95,5.47,EU
229,Greece,2008,100.41,4.88,5.66,EU
230,Greece,2009,94.74,4.56,5.07,EU
231,Greece,2010,87.58,4.46,5.42,EU
232,Greece,2011,84.55,4.74,5.95,EU
233,Greece,2012,80.09,5.16,4.99,EU
234,Greece,2013,72.48,5.78,4.7,EU
235,Greece,2014,69.55,5.88,4.59,EU
236,Greece,2015,68.01,6.02,4.43,EU
237,Greece,2016,66.85,6.24,4.4,EU
238,Greece,2017,66.8,5.79,4.46,EU
239,Greece,2018,65.29,5.35,4.45,EU
240,Hungary,1995,57.43,0.3,6.1,EU
241,Hungary,1996,58.46,0.3,7.14,EU
242,Hungary,1997,56.99,0.32,7.02,EU
243,Hungary,1998,57.35,0.43,6.63,EU
244,Hungary,1999,57.91,0.61,6.55,EU
245,Hungary,2000,54.63,0.57,6.9,EU
246,Hungary,2001,56.3,0.64,7.42,EU
247,Hungary,2002,55.63,0.72,6.3,EU
248,Hungary,2003,58.23,0.86,6.23,EU
249,Hungary,2004,56.39,1.04,7.17,EU
250,Hungary,2005,55.96,1.15,6.82,EU
251,Hungary,2006,55.46,1.24,6.59,EU
252,Hungary,2007,53.86,1.31,6.05,EU
253,Hungary,2008,53.03,1.4,5.52,EU
254,Hungary,2009,47.84,1.28,4.99,EU
255,Hungary,2010,47.88,1.39,4.86,EU
256,Hungary,2011,46.91,1.5,5.16,EU
257,Hungary,2012,43.43,1.36,5.04,EU
258,Hungary,2013,40.76,1.46,5.45,EU
259,Hungary,2014,40.63,2.22,5.27,EU
260,Hungary,2015,43.38,2.48,5.26,EU
261,Hungary,2016,44.48,1.86,5.42,EU
262,Hungary,2017,46.55,1.74,5.45,EU
263,Hungary,2018,46.39,1.62,5.79,EU
264,Ireland,1995,33.52,0.27,10.52,EU
265,Ireland,1996,34.98,0.39,10.44,EU
266,Ireland,1997,36.15,0.57,10.59,EU
267,Ireland,1998,38.67,0.53,11.08,EU
268,Ireland,1999,40.28,0.68,10.81,EU
269,Ireland,2000,42.62,0.94,10.71,EU
270,Ireland,2001,44.91,1.04,10.47,EU
271,Ireland,2002,44.04,0.97,10.78,EU
272,Ireland,2003,44.22,1.11,10.18,EU
273,Ireland,2004,44.86,0.99,9.84,EU
274,Ireland,2005,46.78,1.01,9.59,EU
275,Ireland,2006,47.81,1.17,9.41,EU
276,Ireland,2007,47.02,1.17,9.23,EU
277,Ireland,2008,46.35,1.06,9.19,EU
278,Ireland,2009,41.02,1.05,9.44,EU
279,Ireland,2010,40.63,1.02,8.99,EU
280,Ireland,2011,36.36,1.02,8.87,EU
281,Ireland,2012,37.1,0.99,9.37,EU
282,Ireland,2013,35.72,1.12,9.3,EU
283,Ireland,2014,35.55,1.18,9.23,EU
284,Ireland,2015,36.99,1.14,9.36,EU
285,Ireland,2016,38.71,1.26,9.42,EU
286,Ireland,2017,37.53,1.18,9.76,EU
287,Ireland,2018,37.11,1.1,10.06,EU
288,Italy,1995,416.42,1.78,27.96,EU
289,Italy,1996,412.15,1.49,28.23,EU
290,Italy,1997,415.52,1.86,27.9,EU
291,Italy,1998,426.37,2.3,28.33,EU
292,Italy,1999,433.01,2.81,28.56,EU
293,Italy,2000,436.3,3.48,28.85,EU
294,Italy,2001,436.57,4.48,27.71,EU
295,Italy,2002,443.47,5.29,28.18,EU
296,Italy,2003,462.2,6.03,27.82,EU
297,Italy,2004,472.41,6.93,29.0,EU
298,Italy,2005,473.83,7.93,27.92,EU
299,Italy,2006,466.65,8.78,22.92,EU
300,Italy,2007,459.37,9.73,22.5,EU
301,Italy,2008,444.98,10.51,21.03,EU
302,Italy,2009,397.06,11.31,19.49,EU
303,Italy,2010,405.27,12.01,18.91,EU
304,Italy,2011,396.69,12.93,17.9,EU
305,Italy,2012,376.75,13.51,18.52,EU
306,Italy,2013,346.45,14.15,18.38,EU
307,Italy,2014,327.49,14.81,17.84,EU
308,Italy,2015,337.86,15.21,18.08,EU
309,Italy,2016,333.34,15.38,18.06,EU
310,Italy,2017,329.19,14.28,17.96,EU
311,Italy,2018,324.85,13.17,17.9,EU
312,Lithuania,1995,13.74,0.01,3.7,EU
313,Lithuania,1996,14.23,0.01,4.14,EU
314,Lithuania,1997,13.92,0.01,4.24,EU
315,Lithuania,1998,14.71,0.01,4.49,EU
316,Lithuania,1999,12.25,0.02,4.48,EU
317,Lithuania,2000,10.51,0.02,4.69,EU
318,Lithuania,2001,11.15,0.03,4.74,EU
319,Lithuania,2002,11.22,0.04,4.99,EU
320,Lithuania,2003,11.23,0.05,5.09,EU
321,Lithuania,2004,11.91,0.07,5.32,EU
322,Lithuania,2005,12.83,0.09,5.57,EU
323,Lithuania,2006,13.02,0.12,5.52,EU
324,Lithuania,2007,13.21,0.16,6.29,EU
325,Lithuania,2008,13.06,0.2,5.99,EU
326,Lithuania,2009,11.69,0.22,3.9,EU
327,Lithuania,2010,12.6,0.26,3.8,EU
328,Lithuania,2011,11.84,0.31,4.14,EU
329,Lithuania,2012,11.93,0.35,3.96,EU
330,Lithuania,2013,11.33,0.41,3.72,EU
331,Lithuania,2014,10.86,0.46,3.78,EU
332,Lithuania,2015,11.07,0.53,3.78,EU
333,Lithuania,2016,11.2,0.66,3.64,EU
334,Lithuania,2017,11.22,0.61,3.66,EU
335,Lithuania,2018,11.59,0.57,3.53,EU
336,Luxembourg,1995,8.68,0.02,0.29,EU
337,Luxembourg,1996,8.76,0.02,0.29,EU
338,Luxembourg,1997,8.27,0.02,0.29,EU
339,Luxembourg,1998,7.59,0.03,0.29,EU
340,Luxembourg,1999,7.95,0.03,0.3,EU
341,Luxembourg,2000,8.58,0.03,0.21,EU
342,Luxembourg,2001,9.14,0.03,0.21,EU
343,Luxembourg,2002,9.84,0.04,0.29,EU
344,Luxembourg,2003,10.26,0.04,0.28,EU
345,Luxembourg,2004,11.68,0.04,0.3,EU
346,Luxembourg,2005,11.94,0.04,0.29,EU
347,Luxembourg,2006,11.74,0.04,0.29,EU
348,Luxembourg,2007,11.14,0.05,0.29,EU
349,Luxembourg,2008,11.04,0.05,0.3,EU
350,Luxembourg,2009,10.46,0.05,0.3,EU
351,Luxembourg,2010,11.06,0.05,0.3,EU
352,Luxembourg,2011,10.93,0.06,0.31,EU
353,Luxembourg,2012,10.69,0.06,0.3,EU
354,Luxembourg,2013,10.15,0.06,0.3,EU
355,Luxembourg,2014,9.65,0.07,0.3,EU
356,Luxembourg,2015,9.13,0.07,0.3,EU
357,Luxembourg,2016,8.86,0.07,0.3,EU
358,Luxembourg,2017,9.0,0.06,0.31,EU
359,Luxembourg,2018,9.32,0.06,0.3,EU
360,Malta,1995,2.38,0.0,0.06,EU
361,Malta,1996,2.32,0.0,0.05,EU
362,Malta,1997,2.47,0.0,0.06,EU
363,Malta,1998,2.37,0.0,0.06,EU
364,Malta,1999,2.41,0.0,0.05,EU
365,Malta,2000,2.13,0.01,0.05,EU
366,Malta,2001,2.49,0.01,0.05,EU
367,Malta,2002,2.32,0.02,0.05,EU
368,Malta,2003,2.61,0.02,0.05,EU
369,Malta,2004,2.6,0.03,0.05,EU
370,Malta,2005,2.62,0.04,0.05,EU
371,Malta,2006,2.65,0.08,0.06,EU
372,Malta,2007,2.71,0.1,0.06,EU
373,Malta,2008,2.72,0.11,0.06,EU
374,Malta,2009,2.51,0.13,0.05,EU
375,Malta,2010,2.58,0.15,0.05,EU
376,Malta,2011,2.57,0.17,0.04,EU
377,Malta,2012,2.71,0.2,0.05,EU
378,Malta,2013,2.37,0.22,0.06,EU
379,Malta,2014,2.35,0.23,0.06,EU
380,Malta,2015,1.65,0.25,0.06,EU
381,Malta,2016,1.35,0.26,0.05,EU
382,Malta,2017,1.52,0.24,0.04,EU
383,Malta,2018,1.55,0.23,0.04,EU
384,Netherlands,1995,164.34,10.0,15.39,EU
385,Netherlands,1996,173.92,12.04,15.33,EU
386,Netherlands,1997,166.48,12.41,15.07,EU
387,Netherlands,1998,166.92,13.37,14.75,EU
388,Netherlands,1999,161.64,7.53,14.5,EU
389,Netherlands,2000,162.3,6.37,14.04,EU
390,Netherlands,2001,167.4,3.62,13.39,EU
391,Netherlands,2002,167.5,4.68,12.83,EU
392,Netherlands,2003,170.46,2.64,12.67,EU
393,Netherlands,2004,172.16,2.36,13.3,EU
394,Netherlands,2005,167.97,2.23,13.26,EU
395,Netherlands,2006,163.71,2.48,13.18,EU
396,Netherlands,2007,164.63,2.72,11.71,EU
397,Netherlands,2008,165.39,2.76,8.23,EU
398,Netherlands,2009,160.54,2.67,8.17,EU
399,Netherlands,2010,171.16,3.07,7.99,EU
400,Netherlands,2011,158.87,2.88,7.83,EU
401,Netherlands,2012,157.52,2.77,7.93,EU
402,Netherlands,2013,157.12,2.83,7.86,EU
403,Netherlands,2014,149.89,2.62,8.17,EU
404,Netherlands,2015,158.11,2.72,8.51,EU
405,Netherlands,2016,158.27,2.77,8.29,EU
406,Netherlands,2017,155.91,2.59,8.08,EU
407,Netherlands,2018,151.17,2.41,7.79,EU
408,Poland,1995,340.0,0.34,24.55,EU
409,Poland,1996,355.32,0.52,24.6,EU
410,Poland,1997,344.63,0.67,25.11,EU
411,Poland,1998,318.41,0.76,23.65,EU
412,Poland,1999,308.98,0.96,23.27,EU
413,Poland,2000,295.71,1.55,23.72,EU
414,Poland,2001,293.6,2.12,23.5,EU
415,Poland,2002,287.28,2.71,23.04,EU
416,Poland,2003,297.7,3.28,23.67,EU
417,Poland,2004,301.82,3.94,23.76,EU
418,Poland,2005,301.35,4.75,24.59,EU
419,Poland,2006,314.09,5.61,24.67,EU
420,Poland,2007,313.37,6.21,25.57,EU
421,Poland,2008,308.32,6.51,24.35,EU
422,Poland,2009,297.26,6.4,21.02,EU
423,Poland,2010,313.74,7.04,21.74,EU
424,Poland,2011,310.59,7.66,21.42,EU
425,Poland,2012,303.35,8.0,21.89,EU
426,Poland,2013,298.33,8.4,21.03,EU
427,Poland,2014,285.74,9.03,20.5,EU
428,Poland,2015,289.05,9.05,20.68,EU
429,Poland,2016,299.74,9.03,21.62,EU
430,Poland,2017,312.82,8.46,21.55,EU
431,Poland,2018,312.74,7.89,21.48,EU
432,Portugal,1995,50.69,0.14,3.91,EU
433,Portugal,1996,48.74,0.16,4.05,EU
434,Portugal,1997,50.93,0.22,3.99,EU
435,Portugal,1998,55.6,0.29,4.11,EU
436,Portugal,1999,62.21,0.37,4.14,EU
437,Portugal,2000,61.66,0.45,4.14,EU
438,Portugal,2001,61.38,0.56,3.86,EU
439,Portugal,2002,65.61,0.69,4.13,EU
440,Portugal,2003,60.52,0.82,3.79,EU
441,Portugal,2004,62.13,0.94,3.95,EU
442,Portugal,2005,65.47,1.11,3.83,EU
443,Portugal,2006,60.45,1.29,3.66,EU
444,Portugal,2007,58.8,1.52,3.81,EU
445,Portugal,2008,56.84,1.76,3.72,EU
446,Portugal,2009,56.3,1.96,3.38,EU
447,Portugal,2010,50.94,2.15,3.33,EU
448,Portugal,2011,49.87,2.32,3.05,EU
449,Portugal,2012,48.22,2.48,3.07,EU
450,Portugal,2013,46.56,2.65,3.06,EU
451,Portugal,2014,45.93,2.78,3.2,EU
452,Portugal,2015,49.85,2.93,3.2,EU
453,Portugal,2016,48.76,3.09,3.16,EU
454,Portugal,2017,53.33,2.86,3.24,EU
455,Portugal,2018,49.78,2.64,3.09,EU
456,Romania,1995,120.73,2.36,11.77,EU
457,Romania,1996,123.95,2.35,11.79,EU
458,Romania,1997,113.42,2.35,11.33,EU
459,Romania,1998,99.39,2.31,10.35,EU
460,Romania,1999,85.5,2.12,9.71,EU
461,Romania,2000,88.88,1.75,10.5,EU
462,Romania,2001,94.11,1.49,10.24,EU
463,Romania,2002,93.59,1.17,9.27,EU
464,Romania,2003,99.62,0.54,9.88,EU
465,Romania,2004,96.73,0.46,11.04,EU
466,Romania,2005,95.81,0.48,11.03,EU
467,Romania,2006,98.94,0.57,9.99,EU
468,Romania,2007,96.44,0.73,10.03,EU
469,Romania,2008,95.21,1.0,9.1,EU
470,Romania,2009,80.52,0.98,8.53,EU
471,Romania,2010,77.5,1.06,9.07,EU
472,Romania,2011,83.95,1.16,8.98,EU
473,Romania,2012,81.73,1.26,8.23,EU
474,Romania,2013,72.01,1.36,8.44,EU
475,Romania,2014,71.41,1.43,8.19,EU
476,Romania,2015,72.9,1.7,8.38,EU
477,Romania,2016,71.14,1.95,8.28,EU
478,Romania,2017,74.1,1.83,8.5,EU
479,Romania,2018,74.88,1.71,8.64,EU
480,Slovakia,1995,42.37,0.16,2.91,EU
481,Slovakia,1996,42.17,0.08,3.14,EU
482,Slovakia,1997,42.27,0.1,3.03,EU
483,Slovakia,1998,41.4,0.1,2.83,EU
484,Slovakia,1999,40.66,0.11,2.32,EU
485,Slovakia,2000,38.07,0.14,2.58,EU
486,Slovakia,2001,38.58,0.18,2.78,EU
487,Slovakia,2002,38.08,0.23,2.76,EU
488,Slovakia,2003,38.34,0.28,2.8,EU
489,Slovakia,2004,37.44,0.33,3.0,EU
490,Slovakia,2005,38.52,0.37,2.87,EU
491,Slovakia,2006,37.88,0.43,3.18,EU
492,Slovakia,2007,37.22,0.46,2.97,EU
493,Slovakia,2008,37.05,0.53,2.86,EU
494,Slovakia,2009,33.84,0.57,2.62,EU
495,Slovakia,2010,35.45,0.64,2.42,EU
496,Slovakia,2011,34.13,0.65,2.12,EU
497,Slovakia,2012,32.37,0.68,2.01,EU
498,Slovakia,2013,32.94,0.68,1.92,EU
499,Slovakia,2014,30.45,0.68,2.0,EU
500,Slovakia,2015,30.75,0.76,1.93,EU
501,Slovakia,2016,31.5,0.69,2.01,EU
502,Slovakia,2017,33.58,0.64,1.9,EU
503,Slovakia,2018,33.0,0.6,1.97,EU
504,Slovenia,1995,14.47,0.17,0.96,EU
505,Slovenia,1996,15.29,0.17,0.94,EU
506,Slovenia,1997,15.73,0.18,1.0,EU
507,Slovenia,1998,15.5,0.18,0.97,EU
508,Slovenia,1999,14.91,0.18,0.94,EU
509,Slovenia,2000,14.54,0.19,0.97,EU
510,Slovenia,2001,15.38,0.2,0.97,EU
511,Slovenia,2002,15.52,0.23,0.86,EU
512,Slovenia,2003,15.42,0.26,0.86,EU
513,Slovenia,2004,15.71,0.28,0.83,EU
514,Slovenia,2005,15.93,0.31,0.82,EU
515,Slovenia,2006,16.31,0.33,0.83,EU
516,Slovenia,2007,16.3,0.33,0.82,EU
517,Slovenia,2008,17.39,0.26,0.82,EU
518,Slovenia,2009,15.53,0.27,0.79,EU
519,Slovenia,2010,15.81,0.29,0.79,EU
520,Slovenia,2011,15.73,0.31,0.8,EU
521,Slovenia,2012,15.17,0.33,0.8,EU
522,Slovenia,2013,14.6,0.35,0.77,EU
523,Slovenia,2014,13.17,0.37,0.77,EU
524,Slovenia,2015,13.17,0.39,0.79,EU
525,Slovenia,2016,13.93,0.4,0.8,EU
526,Slovenia,2017,14.14,0.38,0.79,EU
527,Slovenia,2018,14.05,0.35,0.79,EU
528,Spain,1995,240.58,7.13,20.34,EU
529,Spain,1996,230.1,8.06,22.45,EU
530,Spain,1997,248.61,9.52,22.13,EU
531,Spain,1998,256.22,9.69,23.47,EU
532,Spain,1999,278.31,11.71,23.53,EU
533,Spain,2000,293.31,13.19,23.65,EU
534,Spain,2001,294.79,9.82,22.77,EU
535,Spain,2002,312.75,8.52,22.4,EU
536,Spain,2003,318.66,10.6,23.37,EU
537,Spain,2004,335.56,10.84,22.61,EU
538,Spain,2005,350.5,12.16,21.28,EU
539,Spain,2006,341.78,14.78,21.69,EU
540,Spain,2007,354.68,16.92,22.19,EU
541,Spain,2008,324.16,17.87,20.07,EU
542,Spain,2009,287.49,16.54,19.66,EU
543,Spain,2010,273.25,16.72,20.01,EU
544,Spain,2011,274.4,16.26,18.95,EU
545,Spain,2012,269.27,16.36,18.25,EU
546,Spain,2013,242.8,16.44,19.15,EU
547,Spain,2014,240.96,16.37,19.96,EU
548,Spain,2015,256.28,9.92,20.1,EU
549,Spain,2016,247.03,9.69,19.85,EU
550,Spain,2017,263.44,9.0,20.14,EU
551,Spain,2018,258.34,8.31,20.35,EU
552,Sweden,1995,58.23,0.78,5.7,EU
553,Sweden,1996,63.65,0.79,5.85,EU
554,Sweden,1997,57.38,0.93,5.79,EU
555,Sweden,1998,58.36,0.97,5.74,EU
556,Sweden,1999,57.27,1.15,5.58,EU
557,Sweden,2000,53.28,1.17,5.49,EU
558,Sweden,2001,52.5,1.26,5.27,EU
559,Sweden,2002,54.02,1.36,5.19,EU
560,Sweden,2003,55.2,1.38,5.15,EU
561,Sweden,2004,53.59,1.46,5.19,EU
562,Sweden,2005,50.21,1.53,5.08,EU
563,Sweden,2006,48.9,1.49,5.03,EU
564,Sweden,2007,47.14,1.55,4.9,EU
565,Sweden,2008,46.15,1.45,5.08,EU
566,Sweden,2009,42.88,1.15,4.85,EU
567,Sweden,2010,48.13,1.27,5.05,EU
568,Sweden,2011,44.59,1.25,4.8,EU
569,Sweden,2012,42.15,1.1,4.69,EU
570,Sweden,2013,40.55,1.05,4.75,EU
571,Sweden,2014,39.1,1.06,4.92,EU
572,Sweden,2015,39.2,1.01,4.99,EU
573,Sweden,2016,38.79,0.99,4.96,EU
574,Sweden,2017,38.33,0.92,5.1,EU
575,Sweden,2018,36.0,0.85,4.92,EU
